SI_NO,SKU_Codes,Brand_Name,Item_name,Category,Quantities,UQC,ordered_unit,family_key
1.0,GTS-GRA-RIC-26KG,gts bullet (old),rice,grains,26 kg,KG,bags,gts bullet (old) rice
3.0,AMU-DAI-MIL-1KG,amul (powder),milk powder,dairy,1 kg,KG,packets,amul (powder) milk powder
4.0,AMU-DAI-MIL-1LTR,amul (extra fat),milk,dairy,1 ltr,LTR,packets,amul (extra fat) milk
5.0,DAI-DAI-CHO-100GM,dairy milk,chocolate,dairy,100 gm,GM,packs,dairy milk chocolate
6.0,WHI-PER-DIA-1*6PCS,whisper,diaper,personal care,1 * 6 pcs,PCS,packs,whisper diaper
7.0,TAT-SPI-SAL-1KG,tata salt,salt,spices,1 kg,KG,packets,tata salt salt
8.0,FOR-OIL-COO-1LTR,fortune gold,cooking oil,oil & ghee,1 ltr,LTR,bottles,fortune gold cooking oil
9.0,NES-PAC-NOO-280GM,nestlé maggi,noodles,packaged food,280 gm,GM,packets,nestlé maggi noodles
10.0,BRI-BAK-BRE-400GM,britannia,bread,bakery,400 gm,GM,loaves,britannia bread
11.0,PAR-BAK-BIS-300GM,parle-g,biscuits,bakery,300 gm,GM,packs,parle-g biscuits
12.0,COL-PER-TOO-200ML,colgate,toothpaste,personal care,200 ml,ML,tubes,colgate toothpaste
13.0,HAR-HOM-TOI-1LTR,harpic,toilet cleaner,home care,1 ltr,LTR,bottles,harpic toilet cleaner
14.0,SUR-CLE-DET-1KG,surf excel,detergent,cleaning,1 kg,KG,packets,surf excel detergent
15.0,NIV-PER-FAC-100ML,nivea men,face wash,personal care,100 ml,ML,tubes,nivea men face wash
16.0,CAD-BEV-HEA-1KG,cadbury bournvita,health drink,beverages,1 kg,KG,jars,cadbury bournvita health drink
17.0,RED-BEV-TEA-1KG,red label,tea,beverages,1 kg,KG,packets,red label tea
18.0,NES-BEV-COF-200GM,nescafé classic,coffee,beverages,200 gm,GM,jars,nescafé classic coffee
19.0,PEP-BEV-SOF-2LTR,pepsi,soft drink,beverages,2 ltr,LTR,bottles,pepsi soft drink
20.0,COC-BEV-SOF-2LTR,coca-cola,soft drink,beverages,2 ltr,LTR,bottles,coca-cola soft drink
21.0,TRO-BEV-JUI-1LTR,tropicana,juice,beverages,1 ltr,LTR,bottles,tropicana juice
22.0,MDH-SPI-GAR-100GM,mdh,garam masala,spices,100 gm,GM,packets,mdh garam masala
23.0,EVE-SPI-TUR-200GM,everest,turmeric powder,spices,200 gm,GM,packets,everest turmeric powder
24.0,DAB-GRO-HON-500GM,dabur honey,honey,grocery,500 gm,GM,jars,dabur honey honey
25.0,PAT-DAI-GHE-1KG,patanjali,ghee,dairy,1 kg,KG,jars,patanjali ghee
26.0,KIS-PAC-JAM-500GM,kissan,jam,packaged food,500 gm,GM,jars,kissan jam
27.0,KNO-PAC-SOU-100GM,knorr,soup mix,packaged food,100 gm,GM,packets,knorr soup mix
28.0,LAY-SNA-CHI-100GM,lays,chips,snacks,100 gm,GM,packets,lays chips
29.0,KUR-SNA-CHI-100GM,kurkure,chips,snacks,100 gm,GM,packets,kurkure chips
30.0,ORE-SNA-BIS-120GM,oreo,biscuits,snacks,120 gm,GM,packs,oreo biscuits
31.0,LUX-PER-SOA-PACKOF4,lux,soap,personal care,Pack of 4,UNITS,packets,lux soap
32.0,DOV-PER-SHA-180ML,dove,shampoo,personal care,180 ml,ML,packets,dove shampoo
33.0,SUN-PER-CON-100ML,sunsilk,conditioner,personal care,100 ml,ML,packets,sunsilk conditioner
34.0,GAR-PER-FAC-50GM,garnier,face cream,personal care,50 gm,GM,packets,garnier face cream
35.0,LOR-PER-HAI-100ML,loreal paris,hair serum,personal care,100 ml,ML,packets,loreal paris hair serum
36.0,PAM-BAB-BAB-1*56PCS,pampers,baby diaper,baby care,1 * 56 pcs,PCS,packs,pampers baby diaper
37.0,HUG-BAB-BAB-1*72PCS,huggies,baby wipes,baby care,1 * 72 pcs,PCS,packets,huggies baby wipes
38.0,JOH-BAB-BAB-200ML,johnson's baby,baby lotion,baby care,200 ml,ML,packets,johnson's baby baby lotion
39.0,DET-PER-HAN-250ML,dettol,hand wash,personal care,250 ml,ML,packets,dettol hand wash
40.0,DOM-HOM-TOI-500ML,domex,toilet cleaner,home care,500 ml,ML,bottles,domex toilet cleaner
41.0,TID-CLE-WAS-1KG,tide,washing powder,cleaning,1 kg,KG,packets,tide washing powder
42.0,DAL-OIL-GHE-1KG,dalda,ghee,oil & ghee,1 kg,KG,jars,dalda ghee
43.0,CAT-SPI-BLA-50GM,catch,black pepper,spices,50 gm,GM,packets,catch black pepper
44.0,BAS-GRA-BAS-5KG,basmati king,basmati rice,grains,5 kg,KG,bags,basmati king basmati rice
45.0,AAS-GRA-ATT-10KG,aashirvaad,atta (flour),grains,10 kg,KG,packets,aashirvaad atta (flour)
46.0,MOT-DAI-CUR-500GM,mother dairy,curd,dairy,500 gm,GM,packets,mother dairy curd
47.0,DAN-DAI-YOG-400GM,danone,yogurt,dairy,400 gm,GM,packets,danone yogurt
48.0,HAV-FRO-ICE-1LTR,havmor,ice cream,frozen,1 ltr,LTR,packets,havmor ice cream
49.0,AMU-DAI-BUT-100GM,amul,butter,dairy,100 gm,GM,packets,amul butter
50.0,KFL-DAI-PAN-500GM,kfl fresh,paneer,dairy,500 gm,GM,packets,kfl fresh paneer
51.0,HAL-FRO-SAM-1*4PCS,haldiram’s,samosa,frozen,1 * 4 pcs,PCS,packets,haldiram’s samosa
52.0,MDH-SPI-CHA-100GM,mdh,chaat masala,spices,100 gm,GM,packets,mdh chaat masala
53.0,EVE-SPI-RED-200GM,everest,red chilli powder,spices,200 gm,GM,packets,everest red chilli powder
54.0,TAT-PUL-MOO-1KG,tata sampann,moong dal,pulses,1 kg,KG,packets,tata sampann moong dal
55.0,FOR-OIL-SOY-1LTR,fortune,soybean oil,oil & ghee,1 ltr,LTR,bottles,fortune soybean oil
56.0,BRI-BIS-MAR-200GM,britannia,marie gold,biscuits,200 gm,GM,packets,britannia marie gold
57.0,TRO-BEV-MIX-1LTR,tropicana,mixed fruit juice,beverages,1 ltr,LTR,bottles,tropicana mixed fruit juice
58.0,KWA-FRO-ICE-PACKOF6,kwality walls,ice cream cone,frozen,Pack of 6,UNITS,packets,kwality walls ice cream cone
59.0,DUR-PER-CON-PACKOF10,durex,condoms,personal care,Pack of 10,UNITS,packets,durex condoms
60.0,AMR-PHA-PAI-30GM,amrutanjan,pain balm,pharma,30 gm,GM,packets,amrutanjan pain balm
61.0,VIC-PHA-VAP-25GM,vicks,vaporub,pharma,25 gm,GM,packets,vicks vaporub
62.0,HIM-PER-FAC-150ML,himalaya,face wash,personal care,150 ml,ML,tubes,himalaya face wash
63.0,GAR-PER-SHA-100ML,garnier men,shaving gel,personal care,100 ml,ML,packets,garnier men shaving gel
64.0,GIL-PER-RAZ-PACKOF4,gillette,razor blade,personal care,Pack of 4,UNITS,packets,gillette razor blade
65.0,PAM-BAB-DIA-1*42PCS,pampers,diaper pants,baby care,1 * 42 pcs,PCS,packs,pampers diaper pants
66.0,JOH-BAB-BAB-100ML,johnson’s,baby shampoo,baby care,100 ml,ML,packets,johnson’s baby shampoo
67.0,ASH-PAC-VER-500GM,ashirwad,vermicelli,packaged food,500 gm,GM,packets,ashirwad vermicelli
68.0,MCC-FRO-FRI-1KG,mccain,fries,frozen,1 kg,KG,packets,mccain fries
69.0,KFC-FRO-CHI-8PIECES,kfc,chicken bucket,frozen/restaurant,8 Pieces,PCS,packets,kfc chicken bucket
70.0,MTR-PAC-POH-500GM,mtr,poha mix,packaged food,500 gm,GM,packets,mtr poha mix
71.0,ITC-SNA-CHI-120GM,itc bingo,chips,snacks,120 gm,GM,packets,itc bingo chips
72.0,MYS-PER-SOA-100GM,mysore sandal,soap,personal care,100 gm,GM,packets,mysore sandal soap
73.0,DOV-PER-BOD-200ML,dove,body lotion,personal care,200 ml,ML,packets,dove body lotion
74.0,GIL-PER-SHA-1PIECE,gillette mach3,shaving razor,personal care,1 Piece,PCS,packets,gillette mach3 shaving razor
75.0,HIM-PER-HER-200ML,himalaya,herbal shampoo,personal care,200 ml,ML,packets,himalaya herbal shampoo
76.0,FEV-DIY-ADH-500GM,fevicol,adhesive,diy,500 gm,GM,packets,fevicol adhesive
77.0,HIT-HOM-MOS-500ML,hit,mosquito spray,home care,500 ml,ML,packets,hit mosquito spray
78.0,GOO-HOM-COI-PACKOF10,good knight,coil,home care,Pack of 10,UNITS,bottles,good knight coil
79.0,ALL-HOM-LIQ-45NIGHTS,all out,liquid vaporizer,home care,45 Nights,GM,packets,all out liquid vaporizer
80.0,DET-PHA-DIS-1LTR,dettol,disinfectant liquid,pharma,1 ltr,LTR,packets,dettol disinfectant liquid
81.0,SAV-PHA-HAN-100ML,savlon,hand sanitizer,pharma,100 ml,ML,packets,savlon hand sanitizer
82.0,CLI-PER-SHA-175ML,clinic plus,shampoo,personal care,175 ml,ML,packets,clinic plus shampoo
83.0,HEA-PER-CON-100ML,head & shoulders,conditioner,personal care,100 ml,ML,packets,head & shoulders conditioner
84.0,IND-GRA-BAS-5KG,india gate,basmati rice,grains,5 kg,KG,bags,india gate basmati rice
85.0,DAA-GRA-BRO-1KG,daawat,brown basmati rice,grains,1 kg,KG,bags,daawat brown basmati rice
86.0,FOR-GRA-CHA-10KG,fortune,chakki atta,grains,10 kg,KG,packets,fortune chakki atta
87.0,PIL-GRA-WHO-2KG,pillsbury,whole wheat atta,grains,2 kg,KG,packets,pillsbury whole wheat atta
88.0,TAT-PUL-TOO-500GM,tata sampann,toor dal,pulses,500 gm,GM,packets,tata sampann toor dal
89.0,RAJ-PUL-MAS-1KG,rajdhani,masoor dal,pulses,1 kg,KG,packets,rajdhani masoor dal
90.0,-PUL-MOO-500GM,24 mantra organic,moong dal,pulses,500 gm,GM,packets,24 mantra organic moong dal
91.0,AAS-GRA-WHE-5KG,aashirvaad,wheat atta,grains,5 kg,KG,packets,aashirvaad wheat atta
92.0,BB-GRA-RAG-1KG,b&b organics,ragi flour,grains,1 kg,KG,packets,b&b organics ragi flour
93.0,EVE-GRA-POH-500GM,everest,poha (flattened rice),grains,500 gm,GM,bags,everest poha (flattened rice)
94.0,SAF-OIL-GOL-5LTR,saffola,gold refined oil,oil & ghee,5 ltr,LTR,bottles,saffola gold refined oil
95.0,EVE-SPI-TUR-100GM,everest,turmeric powder (haldi),spices,100 gm,GM,packets,everest turmeric powder (haldi)
96.0,CAT-SPI-CHA-100GM,catch,chat masala,spices,100 gm,GM,packets,catch chat masala
97.0,MDH-SPI-DEG-200GM,mdh,deggi mirch powder,spices,200 gm,GM,packets,mdh deggi mirch powder
98.0,TAT-CON-IOD-1KG,tata salt,iodized salt,condiments,1 kg,KG,packets,tata salt iodized salt
99.0,KIS-CON-MIX-500GM,kissan,mixed fruit jam,condiments,500 gm,GM,jars,kissan mixed fruit jam
100.0,MAG-CON-TOM-1KG,maggi,tomato ketchup,condiments,1 kg,KG,packets,maggi tomato ketchup
101.0,CHI-CON-SOY-200GM,ching's secret,soy sauce,condiments,200 gm,GM,packets,ching's secret soy sauce
102.0,BOR-OIL-EXT-1LTR,borges,extra light olive oil,oil & ghee,1 ltr,LTR,bottles,borges extra light olive oil
103.0,DHA-OIL-GRO-1LTR,dhara,groundnut oil,oil & ghee,1 ltr,LTR,bottles,dhara groundnut oil
104.0,SUN-OIL-REF-2LTR,sunrich,refined sunflower oil,oil & ghee,2 ltr,LTR,bottles,sunrich refined sunflower oil
105.0,DAB-CON-HON-250GM,dabur,honey,condiments,250 gm,GM,jars,dabur honey
106.0,PRI-CON-MAN-300GM,priya,mango pickle,condiments,300 gm,GM,packets,priya mango pickle
107.0,WEI-CON-BAK-100GM,weikfield,baking powder,condiments,100 gm,GM,packets,weikfield baking powder
108.0,KEY-SPI-BLA-50GM,keya,black pepper whole,spices,50 gm,GM,packets,keya black pepper whole
109.0,-SPI-MAD-500GM,777,madras curry powder,spices,500 gm,GM,packets,777 madras curry powder
110.0,SPR-SPI-ORE-50GM,sprig,oregano seasoning,spices,50 gm,GM,packets,sprig oregano seasoning
111.0,-SPI-MAD-200GM,777,madras sambar powder,spices,200 gm,GM,packets,777 madras sambar powder
112.0,LOC-VEG-ONI-1KG,local,onion,vegetables,1 kg,KG,packets,local onion
113.0,LOC-VEG-POT-2KG,local,potato,vegetables,2 kg,KG,packets,local potato
114.0,LOC-VEG-TOM-500GM,local,tomato,vegetables,500 gm,GM,packets,local tomato
115.0,LOC-VEG-GRE-100GM,local,green chilli,vegetables,100 gm,GM,packets,local green chilli
116.0,LOC-VEG-GIN-250GM,local,ginger,vegetables,250 gm,GM,packets,local ginger
117.0,LOC-VEG-GAR-200GM,local,garlic,vegetables,200 gm,GM,packets,local garlic
118.0,LOC-VEG-LEM-1*6PCS,local,lemon,vegetables,1 * 6 pcs,PCS,packets,local lemon
119.0,LOC-VEG-LAD-250GM,local,lady finger (bhindi),vegetables,250 gm,GM,packets,local lady finger (bhindi)
120.0,LOC-VEG-CAP-500GM,local,capsicum green,vegetables,500 gm,GM,packets,local capsicum green
121.0,LOC-VEG-CAR-500GM,local,carrot,vegetables,500 gm,GM,packets,local carrot
122.0,LOC-VEG-CAU-1PCS,local,cauliflower,vegetables,1 pcs,PCS,packets,local cauliflower
123.0,LOC-VEG-CAB-1PCS,local,cabbage,vegetables,1 pcs,PCS,packets,local cabbage
124.0,LOC-VEG-SPI-250GM,local,spinach (palak),vegetables,250 gm,GM,packets,local spinach (palak)
125.0,LOC-FRU-BAN-1DOZEN,local,banana robusta,fruits,1 Dozen,UNITS,packets,local banana robusta
126.0,AMU-CON-PRO-400GM,amul,processed cheese block,condiments,400 gm,GM,packets,amul processed cheese block
127.0,PET-CON-VAN-20ML,peter england,vanilla essence,condiments,20 ml,ML,packets,peter england vanilla essence
128.0,VIM-OIL-REF-1LTR,vimal,refined palm oil,oil & ghee,1 ltr,LTR,bottles,vimal refined palm oil
129.0,EVE-SPI-GAR-50GM,everest,garam masala,spices,50 gm,GM,packets,everest garam masala
130.0,CHI-CON-GRE-200GM,ching's secret,green chili sauce,condiments,200 gm,GM,packets,ching's secret green chili sauce
131.0,HIM-CON-PIN-1KG,himalayan,pink rock salt,condiments,1 kg,KG,packets,himalayan pink rock salt
132.0,DEL-CON-MAY-260GM,del monte,mayonnaise classic,condiments,260 gm,GM,packets,del monte mayonnaise classic
133.0,NAT-SPI-ORG-100GM,natureland,organic coriander powder,spices,100 gm,GM,packets,natureland organic coriander powder
134.0,GOL-OIL-REF-1LTR,gold winner,refined sunflower oil,oil & ghee,1 ltr,LTR,bottles,gold winner refined sunflower oil
135.0,NUT-CON-TAB-500GM,nutralite,table margarine,condiments,500 gm,GM,packets,nutralite table margarine
136.0,BOR-CON-BAL-500ML,borges,balsamic vinegar,condiments,500 ml,ML,packets,borges balsamic vinegar
137.0,EAS-SPI-SAM-250GM,eastern,sambar powder,spices,250 gm,GM,packets,eastern sambar powder
138.0,PAT-OIL-KAC-2LTR,patanjali,kachi ghani mustard oil,oil & ghee,2 ltr,LTR,bottles,patanjali kachi ghani mustard oil
139.0,DLE-CON-SWE-400GM,d'lecta,sweetened condensed milk,condiments,400 gm,GM,packets,d'lecta sweetened condensed milk
140.0,BAD-SPI-PAV-100GM,badshah,pav bhaji masala,spices,100 gm,GM,packets,badshah pav bhaji masala
141.0,MOT-CON-GIN-300GM,mother's recipe,ginger garlic paste,condiments,300 gm,GM,packets,mother's recipe ginger garlic paste
142.0,SAF-OIL-ACT-3LTR,saffola,active edible oil,oil & ghee,3 ltr,LTR,bottles,saffola active edible oil
143.0,EVE-SPI-CUM-200GM,everest,cumin whole (jeera),spices,200 gm,GM,packets,everest cumin whole (jeera)
144.0,NIR-CON-PAP-200GM,niru,papad,condiments,200 gm,GM,packets,niru papad
145.0,SPR-SPI-CHI-50GM,sprig,chili flakes,spices,50 gm,GM,packets,sprig chili flakes
146.0,CRE-CON-PEA-400GM,cremica,peanut butter,condiments,400 gm,GM,packets,cremica peanut butter
147.0,VIM-OIL-VAN-500GM,vimal,vanaspati ghee,oil & ghee,500 gm,GM,jars,vimal vanaspati ghee
148.0,LOC-FRU-APP-1KG,local,apple red delicious,fruits,1 kg,KG,packets,local apple red delicious
149.0,LOC-FRU-ORA-500GM,local,orange nagpur,fruits,500 gm,GM,packets,local orange nagpur
150.0,LOC-FRU-GRA-500GM,local,grapes black seedless,fruits,500 gm,GM,packets,local grapes black seedless
151.0,LOC-FRU-WAT-1PCS(2-3KG),local,watermelon,fruits,1 pcs (2-3 KG),KG,packets,local watermelon
152.0,LOC-VEG-COR-1BUNCH,local,coriander leaves (dhaniya),vegetables,1 Bunch,UNITS,packets,local coriander leaves (dhaniya)
153.0,LOC-VEG-CUC-500GM,local,cucumber (kheera),vegetables,500 gm,GM,packets,local cucumber (kheera)
154.0,LOC-VEG-BRI-500GM,local,brinjal (bharta type),vegetables,500 gm,GM,packets,local brinjal (bharta type)
155.0,LOC-VEG-DRU-250GM,local,drumstick,vegetables,250 gm,GM,packets,local drumstick
156.0,LOC-VEG-SWE-1KG,local,sweet potato,vegetables,1 kg,KG,packets,local sweet potato
157.0,LOC-VEG-MUS-200GM,local,mushroom button,vegetables,200 gm,GM,packets,local mushroom button
158.0,LOC-VEG-FRE-250GM,local,french beans,vegetables,250 gm,GM,packets,local french beans
159.0,LOC-FRU-MAN-1KG,local,mango kesar,fruits,1 kg,KG,packets,local mango kesar
160.0,LOC-FRU-POM-2PCS,local,pomegranate,fruits,2 pcs,PCS,packets,local pomegranate
161.0,LOC-VEG-PAP-1PCS,local,papaya raw,vegetables,1 pcs,PCS,packets,local papaya raw
162.0,LOC-VEG-BRO-500GM,local,broccoli,vegetables,500 gm,GM,packets,local broccoli
163.0,LOC-VEG-ZUC-500GM,local,zucchini green,vegetables,500 gm,GM,packets,local zucchini green
164.0,LOC-VEG-RAD-500GM,local,radish white,vegetables,500 gm,GM,packets,local radish white
165.0,LOC-VEG-GRE-250GM,local,green peas shelled,vegetables,250 gm,GM,packets,local green peas shelled
166.0,LOC-FRU-COC-1PCS,local,coconut (tender),fruits,1 pcs,PCS,packets,local coconut (tender)
167.0,LOC-FRU-GUA-500GM,local,guava,fruits,500 gm,GM,packets,local guava
168.0,LOC-FRU-PIN-1PCS,local,pineapple,fruits,1 pcs,PCS,packets,local pineapple
169.0,LOC-VEG-CUR-1BUNCH,local,curry leaves,vegetables,1 Bunch,UNITS,packets,local curry leaves
170.0,LOC-VEG-MIN-1BUNCH,local,mint leaves (pudina),vegetables,1 Bunch,UNITS,packets,local mint leaves (pudina)
171.0,LOC-VEG-BEE-500GM,local,beetroot,vegetables,500 gm,GM,packets,local beetroot
172.0,LOC-VEG-YEL-250GM,local,yellow capsicum,vegetables,250 gm,GM,packets,local yellow capsicum
173.0,LOC-VEG-SWE-2PCS,local,sweet corn,vegetables,2 pcs,PCS,packets,local sweet corn
174.0,LOC-FRU-PEA-500GM,local,pear green,fruits,500 gm,GM,packets,local pear green
175.0,LOC-FRU-KIW-1*3PCS,local,kiwi,fruits,1 * 3 pcs,PCS,packets,local kiwi
176.0,LOC-FRU-LIT-500GM,local,litchi,fruits,500 gm,GM,packets,local litchi
177.0,LOC-VEG-BEL-250GM,local,bell pepper red,vegetables,250 gm,GM,packets,local bell pepper red
178.0,LOC-VEG-BOT-1KG,local,bottle gourd (lauki),vegetables,1 kg,KG,packets,local bottle gourd (lauki)
179.0,LOC-VEG-RID-500GM,local,ridge gourd (torai),vegetables,500 gm,GM,packets,local ridge gourd (torai)
180.0,LOC-VEG-BIT-250GM,local,bitter gourd (karela),vegetables,250 gm,GM,packets,local bitter gourd (karela)
181.0,LOC-VEG-CLU-250GM,local,cluster beans (gavar),vegetables,250 gm,GM,packets,local cluster beans (gavar)
182.0,LOC-VEG-FEN-1BUNCH,local,fenugreek leaves (methi),vegetables,1 Bunch,UNITS,packets,local fenugreek leaves (methi)
183.0,LOC-VEG-SPR-250GM,local,spring onion,vegetables,250 gm,GM,packets,local spring onion
184.0,LOC-VEG-CAP-250GM,local,capsicum red,vegetables,250 gm,GM,packets,local capsicum red
185.0,LOC-FRU-BAN-500GM,local,banana yelakki,fruits,500 gm,GM,packets,local banana yelakki
187.0,LOC-FRU-SWE-500GM,local,sweet lime (mosambi),fruits,500 gm,GM,packets,local sweet lime (mosambi)
188.0,LOC-FRU-PAS-1*3PCS,local,passion fruit,fruits,1 * 3 pcs,PCS,packets,local passion fruit
189.0,LOC-VEG-COL-500GM,local,colocasia (arvi),vegetables,500 gm,GM,packets,local colocasia (arvi)
190.0,LOC-VEG-SPO-500GM,local,sponge gourd (nenua),vegetables,500 gm,GM,packets,local sponge gourd (nenua)
191.0,LOC-VEG-WHI-1KG,local,white pumpkin,vegetables,1 KG,KG,packets,local white pumpkin
192.0,LOC-VEG-DIL-1BUNCH,local,dill leaves (soa),vegetables,1 Bunch,UNITS,packets,local dill leaves (soa)
193.0,LOC-FRU-GOO-250GM,local,gooseberry (amla),fruits,250 gm,GM,packets,local gooseberry (amla)
194.0,LOC-FRU-STA-250GM,local,star fruit,fruits,250 gm,GM,packets,local star fruit
195.0,LOC-FRU-AVO-1PCS,local,avocados,fruits,1 pcs,PCS,packets,local avocados
196.0,LOC-VEG-RED-500GM,local,red cabbage,vegetables,500 gm,GM,packets,local red cabbage
197.0,LOC-VEG-PAR-1BUNCH,local,parsley,vegetables,1 Bunch,UNITS,packets,local parsley
198.0,LOC-VEG-LEE-500GM,local,leeks,vegetables,500 gm,GM,packets,local leeks
199.0,LOC-VEG-CHE-200GM,local,cherry tomatoes,vegetables,200 gm,GM,packets,local cherry tomatoes
200.0,LOC-VEG-BOK-250GM,local,bok choy,vegetables,250 gm,GM,packets,local bok choy
201.0,LOC-FRU-DRA-1PCS,local,dragon fruit,fruits,1 pcs,PCS,packets,local dragon fruit
202.0,LOC-FRU-PLU-250GM,local,plums,fruits,250 gm,GM,packets,local plums
203.0,LOC-FRU-PEA-250GM,local,peaches,fruits,250 gm,GM,packets,local peaches
204.0,LOC-VEG-ASP-200GM,local,asparagus,vegetables,200 gm,GM,packets,local asparagus
205.0,LOC-VEG-TUR-500GM,local,turnip,vegetables,500 gm,GM,packets,local turnip
206.0,LOC-VEG-CEL-250GM,local,celery,vegetables,250 gm,GM,packets,local celery
207.0,LOC-VEG-BAB-200GM,local,baby corn,vegetables,200 gm,GM,packets,local baby corn
208.0,LOC-FRU-RAS-125GM,local,raspberries,fruits,125 gm,GM,packets,local raspberries
209.0,LOC-FRU-BLA-150GM,local,blackberries,fruits,150 gm,GM,packets,local blackberries
211.0,LOC-VEG-ROM-1HEAD,local,romaine lettuce,vegetables,1 Head,UNITS,packets,local romaine lettuce
212.0,LOC-VEG-KAL-100GM,local,kale,vegetables,100 gm,GM,packets,local kale
213.0,LOC-VEG-ART-2PCS,local,artichoke,vegetables,2 pcs,PCS,packets,local artichoke
214.0,LOC-VEG-KOH-500GM,local,kohlrabi,vegetables,500 gm,GM,packets,local kohlrabi
215.0,LOC-VEG-TAR-500GM,local,taro root (kachalu),vegetables,500 gm,GM,packets,local taro root (kachalu)
216.0,LOC-FRU-GRE-500GM,local,green apple,fruits,500 gm,GM,packets,local green apple
217.0,LOC-FRU-FIG-250GM,local,figs (anjeer),fruits,250 gm,GM,packets,local figs (anjeer)
218.0,LOC-FRU-DAT-250GM,local,dates fresh,fruits,250 gm,GM,packets,local dates fresh
219.0,LOC-VEG-PLA-500GM,local,plantain (kacha kela),vegetables,500 gm,GM,packets,local plantain (kacha kela)
220.0,LOC-VEG-JIC-500GM,local,jicama (singada),vegetables,500 gm,GM,packets,local jicama (singada)
221.0,LOC-VEG-BAS-50GM,local,basil leaves,vegetables,50 gm,GM,packets,local basil leaves
222.0,LOC-VEG-THY-25GM,local,thyme,vegetables,25 gm,GM,packets,local thyme
223.0,LOC-VEG-ROS-25GM,local,rosemary,vegetables,25 gm,GM,packets,local rosemary
224.0,LOC-SPI-STA-50GM,local,star anise,spices,50 gm,GM,packets,local star anise
225.0,LOC-SPI-BAY-50GM,local,bay leaf (tej patta),spices,50 gm ,GM,packets,local bay leaf (tej patta)
226.0,LOC-SPI-GRE-50GM,local,green cardamom,spices,50 gm,GM,packets,local green cardamom
227.0,LOC-SPI-BLA-50GM,local,black cardamom,spices,50 gm,GM,packets,local black cardamom
228.0,LOC-SPI-CLO-50GM,local,cloves (laung),spices,50 gm,GM,packets,local cloves (laung)
229.0,LOC-SPI-CIN-50GM,local,cinnamon stick (dalchini),spices,50 gm,GM,packets,local cinnamon stick (dalchini)
230.0,LOC-SPI-NUT-50GM,local,nutmeg (jaiphal),spices,50 gm,GM,packets,local nutmeg (jaiphal)
231.0,LOC-CON-DES-100GM,local,desiccated coconut powder,condiments,100 gm,GM,packets,local desiccated coconut powder
232.0,LOC-SPI-SES-200GM,local,sesame seeds (til),spices,200 gm,GM,packets,local sesame seeds (til)
233.0,TAT-PUL-URA-1KG,tata sampann,urad dal,pulses,1 kg,KG,packets,tata sampann urad dal
234.0,COM-BEV-MIL-2KG,complan,milk powder,beverages,2 kg,KG,packets,complan milk powder
235.0,EVE-SPI-CHH-500GM,everest,chhole masala,spices,500 gm,GM,packets,everest chhole masala
236.0,CAT-SPI-DHA-100GM,catch,dhaniya powder,spices,100 gm,GM,packets,catch dhaniya powder
237.0,NAT-GRA-CHA-10KG,nature fresh,chakki atta,grains,10 kg,KG,packets,nature fresh chakki atta
238.0,HAL-SWE-RAS-1KG,haldiram's,rasgulla tin,sweets,1 kg,KG,packets,haldiram's rasgulla tin
239.0,BAL-SNA-POT-90GM,balaji,potato chips,snacks,90 gm,GM,packets,balaji potato chips
240.0,BIN-SNA-MAD-80GM,bingo,mad angles,snacks,80 gm,GM,packets,bingo mad angles
241.0,BIK-SNA-NAM-100GM,bikaji,namkeen,snacks,100 gm,GM,packets,bikaji namkeen
242.0,TRO-BEV-APP-1LTR,tropicana,apple juice,beverages,1 ltr,LTR,bottles,tropicana apple juice
243.0,REA-BEV-MAN-1LTR,real,mango juice,beverages,1 ltr,LTR,bottles,real mango juice
244.0,KEL-BRE-COR-500GM,kellog's,corn flakes,breakfast,500 gm,GM,packets,kellog's corn flakes
245.0,BRI-SNA-GOO-100GM,britannia,good day biscuit,snacks,100 gm,GM,packs,britannia good day biscuit
246.0,MTR-PAC-REA-200GM,mtr,ready-to-eat upma,packaged food,200 gm,GM,packets,mtr ready-to-eat upma
247.0,KNO-PAC-TOM-560GM,knor,tomato soup,packaged food,560 gm,GM,packets,knor tomato soup
248.0,NUT-GRO-COC-950GM,nutella,cocoa spread,grocery,950 gm,GM,packets,nutella cocoa spread
249.0,DAB-BEV-AML-1LTR,dabur,amla juice,beverages,1 ltr,LTR,bottles,dabur amla juice
250.0,BRI-BAK-CAK-200GM,britannia,cake rusk,bakery,200 gm,GM,packets,britannia cake rusk
251.0,VEN-FRO-CHI-500GM,venkys,chicken popcorn,frozen,500 gm,GM,packets,venkys chicken popcorn
252.0,ITC-FRO-FIS-400GM,itc masterchef,fish fillet,frozen,400 gm,GM,packets,itc masterchef fish fillet
253.0,SUH-SPI-MEA-100GM,suhana,meat masala,spices,100 gm,GM,packets,suhana meat masala
254.0,CAT-SPI-JEE-200GM,catch,jeera,spices,200 gm,GM,packets,catch jeera
255.0,AMU-DAI-SHR-250GM,amul,shrikhand,dairy,250 gm,GM,packets,amul shrikhand
256.0,MOT-DAI-LAS-200ML,mother dairy,lassi,dairy,200 ml,ML,packets,mother dairy lassi
257.0,VEE-GRO-MAY-300GM,veeba,mayonnaise,grocery,300 gm,GM,packets,veeba mayonnaise
258.0,FUN-GRO-PIZ-325GM,funfoods,pizza sauce,grocery,325 gm,GM,packets,funfoods pizza sauce
259.0,HER-GRO-CHO-650GM,hershey's,chocolate syrup,grocery,650 gm,GM,packs,hershey's chocolate syrup
260.0,MDH-SPI-SAR-200GM,mdh,sarso ka saag masala,spices,200 gm,GM,packets,mdh sarso ka saag masala
261.0,MCC-FRO-SMI-500GM,mccain,smiles,frozen,500 gm,GM,packets,mccain smiles
262.0,YUM-FRO-CHI-500GM,yummiez,chicken nuggets,frozen,500 gm,GM,packets,yummiez chicken nuggets
263.0,ASH-PAC-INS-500GM,ashirwad,instant roti mix,packaged food,500 gm,GM,packets,ashirwad instant roti mix
264.0,MCC-FRO-FRE-850GM,mccain,french fries,frozen,850 gm,GM,packets,mccain french fries
265.0,MCC-FRO-VEG-450GM,mccain,veggie fingers,frozen,450 gm,GM,packets,mccain veggie fingers
266.0,MCC-FRO-CHE-415GM,mccain,cheese balls,frozen,415 gm,GM,packets,mccain cheese balls
267.0,LIP-BEV-GRE-50TB,lipton,green tea,beverages,50 tb,UNITS,packets,lipton green tea
268.0,TAT-BEV-TEA-1KG,tata,tea premium,beverages,1 kg,KG,packets,tata tea premium
269.0,BRU-BEV-INS-500GM,bru,instant coffee,beverages,500 gm,GM,jars,bru instant coffee
270.0,MTR-FRO-REA-1KG,mtr,ready idli batter,frozen,1 kg,KG,packets,mtr ready idli batter
271.0,KEV-BEV-COL-300ML,keventers,cold coffee,beverages,300 ml,ML,jars,keventers cold coffee
272.0,TRO-BEV-SUG-1LTR,tropicana,sugar-free juice,beverages,1 ltr,LTR,bottles,tropicana sugar-free juice
273.0,PAR-SNA-MON-75GM,parle,monaco biscuits,snacks,75 gm,GM,packs,parle monaco biscuits
274.0,SUN-SNA-CRE-100GM,sunfeast,cream wafer,snacks,100 gm,GM,packets,sunfeast cream wafer
275.0,ORE-SNA-DOU-150GM,oreo,double stuff biscuits,snacks,150 gm,GM,packs,oreo double stuff biscuits
276.0,NUT-DRY-WAL-250GM,nutraj,walnut kernels,dry fruits,250 gm,GM,packets,nutraj walnut kernels
277.0,HAP-DRY-DAT-500GM,happilo,dates,dry fruits,500 gm,GM,packets,happilo dates
278.0,FAR-DRY-DRY-2KG,farmley,dry figs,dry fruits,2 kg,KG,packets,farmley dry figs
279.0,URB-ORG-CHI-250GM,urban platter,chia seeds,organic,250 gm,GM,packets,urban platter chia seeds
280.0,ORG-ORG-QUI-5KG,organic tattva,quinoa,organic,5 kg,KG,packets,organic tattva quinoa
281.0,ITC-PAC-INS-70GM,itc,instant pasta,packaged food,70 gm,GM,packets,itc instant pasta
282.0,NES-SNA-MIL-45GM,nestle,milk chocolate,snacks,45 gm,GM,packs,nestle milk chocolate
283.0,CAD-SNA-DAI-60GM,cadbury,dairy milk silk,snacks,60 gm,GM,packets,cadbury dairy milk silk
284.0,HAL-SWE-GUL-1KG,haldiram's,gulab jamun tin,sweets,1 kg,KG,jars,haldiram's gulab jamun tin
285.0,EPI-DAI-FLA-100GM,epigamia,flavored yogurt,dairy,100 gm,GM,packets,epigamia flavored yogurt
286.0,VEE-GRO-MUS-300GM,veeba,mustard sauce,grocery,300 gm,GM,packets,veeba mustard sauce
287.0,KEV-BEV-STR-300ML,keventers,strawberry milk shake,beverages,300 ml,ML,packets,keventers strawberry milk shake
288.0,FLA-BEV-ICE-250GM,flavure,ice tea,beverages,250 gm,GM,packets,flavure ice tea
289.0,PIL-BAK-CAK-500GM,pillsbury,cake mix,bakery,500 gm,GM,packets,pillsbury cake mix
290.0,RAJ-GRA-POH-1KG,rajdhani,poha,grains,1 kg,KG,packets,rajdhani poha
291.0,DEL-GRO-PAS-340GM,del monte,pasta sauce,grocery,340 gm,GM,packets,del monte pasta sauce
292.0,BAL-SNA-SEV-100GM,balaji,sev murmura,snacks,100 gm,GM,packets,balaji sev murmura
293.0,GUL-GRO-REF-1LTR,gulab,refined oil,grocery,1 ltr,LTR,bottles,gulab refined oil
294.0,MON-BEV-COF-750ML,monin,coffee syrup,beverages,750 ml,ML,jars,monin coffee syrup
296.0,AMU-DAI-BUT-500GM,amul,butter,dairy,500 gm,GM,packets,amul butter
297.0,AMU-DAI-CHE-10PCS,amul,cheese slices,dairy,10 pcs,PCS,packets,amul cheese slices
298.0,NES-DAI-YOG-100GM,nestlé,yogurt,dairy,100 gm,GM,packets,nestlé yogurt
300.0,BRI-BAK-MIL-200GM,britannia,milk rusk,bakery,200 gm,GM,packets,britannia milk rusk
302.0,PAR-SNA-KRA-100GM,parle,krackjack biscuits,snacks,100 gm,GM,packs,parle krackjack biscuits
303.0,MAG-INS-NOO-70GM,maggi,noodles,instant food,70 gm,GM,packets,maggi noodles
304.0,MAG-INS-MAS-140GM,maggi,masala noodles,instant food,140 gm,GM,packets,maggi masala noodles
305.0,KNO-INS-SOU-50GM,knorr,soup mix,instant food,50 gm,GM,packets,knorr soup mix
306.0,TAT-STA-SAL-1KG,tata,salt,staples,1 kg,KG,packets,tata salt
307.0,AAS-STA-WHE-5KG,aashirvaad,wheat flour,staples,5 kg,KG,packets,aashirvaad wheat flour
308.0,FOR-OIL-RIC-1LTR,fortune,rice bran oil,oil,1 ltr,LTR,bags,fortune rice bran oil
309.0,FOR-STA-BAS-1KG,fortune,basmati rice,staples,1 kg,KG,bags,fortune basmati rice
310.0,PAT-DAI-GHE-500ML,patanjali,ghee,dairy,500 ml,ML,jars,patanjali ghee
311.0,GOV-DAI-GHE-1LTR,govardhan,ghee,dairy,1 ltr,LTR,jars,govardhan ghee
313.0,DAB-ESS-HON-250GM,dabur,honey,essentials,250 gm,GM,jars,dabur honey
314.0,DAB-ESS-CHY-500GM,dabur,chyawanprash,essentials,500 gm,GM,packets,dabur chyawanprash
315.0,RED-BEV-TEA-250GM,red label,tea,beverages,250 gm,GM,packets,red label tea
316.0,TAT-BEV-PRE-500GM,tata tea,premium tea,beverages,500 gm,GM,packets,tata tea premium tea
317.0,NES-BEV-COF-50GM,nescafé,coffee,beverages,50 gm,GM,jars,nescafé coffee
318.0,BRU-BEV-INS-100GM,bru,instant coffee,beverages,100 gm,GM,jars,bru instant coffee
319.0,HER-SWE-CHO-200ML,hershey’s,chocolate syrup,sweets,200 ml,ML,packs,hershey’s chocolate syrup
320.0,CAD-SWE-DAI-50GM,cadbury,dairy milk,sweets,50 gm,GM,packets,cadbury dairy milk
321.0,ORE-SNA-ORI-120GM,oreo,original biscuits,snacks,120 gm,GM,packs,oreo original biscuits
322.0,LAY-SNA-CLA-50GM,lay’s,classic salted chips,snacks,50 gm,GM,packets,lay’s classic salted chips
323.0,LAY-SNA-MAG-50GM,lay’s,magic masala chips,snacks,50 gm,GM,packets,lay’s magic masala chips
324.0,KUR-SNA-MAS-20GM,kurkure,masala munch,snacks,20 gm,GM,packets,kurkure masala munch
326.0,QUA-BRE-OAT-1KG,quaker,oats,breakfast,1 kg,KG,packets,quaker oats
327.0,TRO-BEV-ORA-1LTR,tropicana,orange juice,beverages,1 Ltr,LTR,bottles,tropicana orange juice
328.0,REA-BEV-MIX-1LTR,real,mixed fruit juice,beverages,1 Ltr,LTR,bottles,real mixed fruit juice
329.0,SPR-BEV-COL-500ML,sprite,cold drink,beverages,500 ml,ML,packets,sprite cold drink
331.0,PEP-BEV-SOF-750ML,pepsi,soft drink,beverages,750 ml,ML,bottles,pepsi soft drink
332.0,MIN-BEV-PUL-1LTR,minute maid,pulpy orange,beverages,1 ltr,LTR,packets,minute maid pulpy orange
333.0,BIS-BEV-MIN-1LTR,bisleri,mineral water,beverages,1 ltr ,LTR,packets,bisleri mineral water
334.0,AQU-BEV-MIN-500ML,aquafina,mineral water,beverages,500 ml,ML,packets,aquafina mineral water
335.0,FRO-BEV-MAN-1LTR,frooti,mango drink,beverages,1 ltr,LTR,packets,frooti mango drink
336.0,APP-BEV-SPA-250ML,appy fizz,sparkling drink,beverages,250 ml,ML,packets,appy fizz sparkling drink
337.0,BOU-BEV-NUT-500G,bournvita,nutrition drink,beverages,500 g,GM,packets,bournvita nutrition drink
338.0,HOR-BEV-CLA-500GM,horlicks,classic malt,beverages,500 gm,GM,packets,horlicks classic malt
339.0,BOO-BEV-ENE-500GM,boost,energy drink,beverages,500 gm,GM,packets,boost energy drink
343.0,MDH-SPI-KIT-100GM,mdh,kitchen king masala,spices,100 gm,GM,packets,mdh kitchen king masala
345.0,HAL-SNA-BHU-200GM,haldiram's,bhujia,snacks,200 gm,GM,packets,haldiram's bhujia
346.0,BIK-SNA-ALO-100GM,bikano,aloo bhujia,snacks,100 gm,GM,packets,bikano aloo bhujia
347.0,SUN-BIS-MAR-100GM,sunfeast,marie light,biscuits,100 gm,GM,packets,sunfeast marie light
348.0,SUN-BIS-DAR-75GM,sunfeast,dark fantasy,biscuits,75 gm,GM,packets,sunfeast dark fantasy
349.0,MCC-FRO-FRI-750GM,mccain,fries,frozen,750 gm,GM,packets,mccain fries
350.0,VEE-SAU-MAY-250GM,veeba,mayonnaise,sauces,250 gm,GM,packets,veeba mayonnaise
351.0,KIS-SAU-TOM-1KG,kissan,tomato ketchup,sauces,1 kg,KG,packets,kissan tomato ketchup
352.0,CHI-SAU-SCH-250GM,ching’s,schezwan sauce,sauces,250 gm,GM,packets,ching’s schezwan sauce
353.0,NUT-SWE-HAZ-350GM,nutella,hazelnut spread,sweets,350 gm,GM,packets,nutella hazelnut spread
354.0,HER-BAK-COC-200GM,hershey’s,cocoa powder,baking,200 gm,GM,packets,hershey’s cocoa powder
355.0,TRO-DAI-WHI-1LTR,tropolite,whipping cream,dairy,1 ltr,LTR,packets,tropolite whipping cream
356.0,BLU-BAK-BAK-100GM,blue bird,baking powder,baking,100 gm,GM,packets,blue bird baking powder
358.0,DEL-CAN-GRE-500GM,del monte,green olives,canned,500 gm,GM,packets,del monte green olives
359.0,PRI-SNA-ORI-107GM,pringles,original chips,snacks,107 gm,GM,packets,pringles original chips
360.0,ABB-NUT-ENS-400GM,abbott,ensure powder,nutrition,400 gm,GM,packets,abbott ensure powder
361.0,NEU-PER-SUN-50ML,neutrogena,sunscreen,personal care,50 ml,ML,packets,neutrogena sunscreen
362.0,DOV-PER-SOA-100GM,dove,soap,personal care,100 gm,GM,packets,dove soap
363.0,LUX-PER-SOA-125GM,lux,soap,personal care,125 gm,GM,packets,lux soap
364.0,DET-HEA-LIQ-250ML,dettol,liquid handwash,health,250 ml,ML,packets,dettol liquid handwash
365.0,LIF-HEA-SAN-50ML,lifebuoy,sanitizer,health,50 ml,ML,packets,lifebuoy sanitizer
366.0,COL-ORA-TOO-100GM,colgate,toothpaste,oral care,100 gm,GM,tubes,colgate toothpaste
367.0,SEN-ORA-TOO-80GM,sensodyne,toothpaste,oral care,80 gm,GM,tubes,sensodyne toothpaste
369.0,GAR-PER-SHA-340ML,garnier,shampoo,personal care,340 ml,ML,packets,garnier shampoo
371.0,PAN-PER-CON-175ML,pantene,conditioner,personal care,175 ml,ML,packets,pantene conditioner
372.0,HEA-PER-SHA-180ML,head & shoulders,shampoo,personal care,180 ml,ML,packets,head & shoulders shampoo
373.0,SUN-PER-CON-175ML,sunsilk,conditioner,personal care,175 ml,ML,packets,sunsilk conditioner
374.0,PAR-HAI-COC-200ML,parachute,coconut oil,hair care,200 ml,ML,bottles,parachute coconut oil
375.0,VAT-HAI-HAI-300ML,vatika,hair oil,hair care,300 ml,ML,bottles,vatika hair oil
376.0,JOH-BAB-BAB-50ML,johnson’s,baby oil,baby care,50 ml,ML,bottles,johnson’s baby oil
377.0,PAM-BAB-BAB-20PCS,pampers,baby diapers,baby care,20 pcs,PCS,packs,pampers baby diapers
378.0,HUG-BAB-BAB-72PCS,huggies,baby wipes,baby care,72 pcs,PCS,packets,huggies baby wipes
379.0,WHI-HYG-SAN-7PCS,whisper,sanitary pads,hygiene,7 pcs,PCS,packets,whisper sanitary pads
380.0,STA-HYG-SAN-10PCS,stayfree,sanitary pads,hygiene,10 pcs,PCS,packets,stayfree sanitary pads
381.0,GIL-GRO-RAZ-2PCS,gillette,razor blades,grooming,2 pcs,PCS,packets,gillette razor blades
382.0,NIV-GRO-MEN-150ML,nivea,men deodorant,grooming,150 ml,ML,packets,nivea men deodorant
383.0,PAR-GRO-BOD-150ML,park avenue,body spray,grooming,150 ml,ML,packets,park avenue body spray
384.0,REX-GRO-ROL-50ML,rexona,roll on,grooming,50 ml,ML,packets,rexona roll on
385.0,SUR-LAU-DET-1KG,surf excel,detergent powder,laundry,1 kg,KG,packets,surf excel detergent powder
386.0,ARI-LAU-DET-1LTR,ariel,detergent liquid,laundry,1 ltr,LTR,packets,ariel detergent liquid
387.0,RIN-LAU-DET-250GM,rin,detergent bar,laundry,250 gm,GM,packets,rin detergent bar
388.0,COM-LAU-FAB-1LTR,comfort,fabric softener,laundry,1 ltr,LTR,packets,comfort fabric softener
389.0,HAR-CLE-TOI-1LTR,harpic,toilet cleaner,cleaning,1 ltr,LTR,bottles,harpic toilet cleaner
390.0,LIZ-CLE-SUR-500ML,lizol,surface cleaner,cleaning,500 ml,ML,bottles,lizol surface cleaner
391.0,HIT-HOM-MOS-400ML,hit,mosquito spray,home safety,400 ml,ML,packets,hit mosquito spray
392.0,GOO-HOM-COI-10PCS,good knight,coil,home safety,10 pcs,PCS,bottles,good knight coil
393.0,ODO-HOM-AIR-50GM,odonil,air freshener,home safety,50 gm,GM,packets,odonil air freshener
394.0,ALL-HOM-PLU-45NIGHTS,all out,plug refill,home safety,45 nights,GM,packets,all out plug refill
395.0,RAJ-PUL-CHA-1KG,rajdhani,chana dal,pulses,1 kg,KG,packets,rajdhani chana dal
397.0,FOR-PUL-TUV-1KG,fortune,tuvar dal,pulses,1 kg,KG,packets,fortune tuvar dal
398.0,TAT-BRE-POH-500GM,tata,poha,breakfast,500 gm,GM,packets,tata poha
399.0,SAF-BRE-MAS-500GM,saffola,masala oats,breakfast,500 gm,GM,packets,saffola masala oats
400.0,MTR-REA-UPM-500GM,mtr,upma mix,ready mix,500 gm,GM,packets,mtr upma mix
401.0,MTR-REA-IDL-1KG,mtr,idli batter,ready mix,1 kg,KG,packets,mtr idli batter
402.0,LIJ-SNA-PAP-200GM,lijjat,papad,snacks,200 gm,GM,packets,lijjat papad
403.0,BED-CON-PIC-500GM,bedekar,pickle,condiments,500 gm,GM,packets,bedekar pickle
405.0,EVE-SPI-CUM-100GM,everest,cumin seeds,spices,100 gm,GM,packets,everest cumin seeds
406.0,CAT-SPI-FEN-200GM,catch,fennel seeds,spices,200 gm,GM,packets,catch fennel seeds
407.0,TAT-OIL-MUS-1LTR,tata,mustard oil,oil,1 ltr,LTR,bottles,tata mustard oil
408.0,DHA-OIL-SOY-1LTR,dhara,soybean oil,oil,1 ltr,LTR,bottles,dhara soybean oil
409.0,AMU-DAI-FRE-200ML,amul,fresh cream,dairy,200 ml,ML,packets,amul fresh cream
410.0,HER-SWE-CHO-300GM,hershey’s,chocolate spread,sweets,300 gm,GM,packs,hershey’s chocolate spread
411.0,NUT-PRO-SOY-200GM,nutrela,soya chunks,protein,200 gm,GM,packets,nutrela soya chunks
412.0,PED-PET-DOG-3KG,pedigree,dog food,pet care,3 kg,KG,packets,pedigree dog food
413.0,WHI-PET-CAT-1.2KG,whiskas,cat food,pet care,1.2 kg,KG,packets,whiskas cat food
414.0,KOH-STA-BAS-5KG,kohinoor,basmati rice,staples,5 kg,KG,bags,kohinoor basmati rice
415.0,DAA-STA-STE-1KG,daawat,steamed rice,staples,1 kg,KG,bags,daawat steamed rice
416.0,TAT-STA-BRO-1KG,tata,brown sugar,staples,1 kg,KG,packets,tata brown sugar
417.0,SAF-OIL-SUN-2LTR,saffola,sunflower oil,oil,2 ltr,LTR,bottles,saffola sunflower oil
418.0,AAS-STA-MUL-5KG,aashirvaad,multigrain atta,staples,5 kg,KG,packets,aashirvaad multigrain atta
419.0,VEE-SAU-BAR-250GM,veeba,barbecue sauce,sauce,250 gm,GM,packets,veeba barbecue sauce
420.0,KIS-SAU-MIX-200GM,kissan,mixed fruit jam,sauces,200 gm,GM,jars,kissan mixed fruit jam
421.0,DAB-BEV-GLU-250GM,dabur,glucose d,beverages,250 gm,GM,packets,dabur glucose d
422.0,GLU-BEV-INS-500GM,glucon-d,instant energy,beverages,500 gm,GM,packets,glucon-d instant energy
423.0,CAD-SWE-ORE-60GM,cadbury,oreo chocolate,sweets,60 gm,GM,packs,cadbury oreo chocolate
424.0,PAR-BIS-HID-100GM,parle,hide & seek,biscuits,100 gm,GM,packets,parle hide & seek
425.0,BIN-SNA-MAD-50GM,bingo,mad angles,snacks,50 gm,GM,packets,bingo mad angles
426.0,MTR-SPI-SAM-200GM,mtr,sambar powder,spices,200 gm,GM,packets,mtr sambar powder
427.0,RAJ-PUL-RAJ-1KG,rajdhani,rajma,pulses,1 kg,KG,packets,rajdhani rajma
428.0,CAT-SPI-ROC-200GM,catch,rock salt,spices,200 gm,GM,packets,catch rock salt
429.0,EVE-SPI-CHI-100GM,everest,chicken masala,spices,100 gm,GM,packets,everest chicken masala
430.0,NES-BAB-CER-300GM,nestlé,cerelac,baby,300 gm,GM,packets,nestlé cerelac
431.0,MAM-BAB-BAB-100GM,mamaearth,baby powder,baby,100 gm,GM,packets,mamaearth baby powder
432.0,HIM-BEV-NAT-1LTR,himalayan,natural spring water,beverages,1 ltr,LTR,packets,himalayan natural spring water
433.0,AQU-HOM-WAT-1PC,aquaguard,water purifier cartridge,home,1 pc,UNITS,packets,aquaguard water purifier cartridge
434.0,SAF-FRO-FRO-500GM,safal,frozen peas,frozen,500 gm,GM,packets,safal frozen peas
435.0,MCC-FRO-ALO-200GM,mccain,aloo tikki,frozen,200 gm,GM,packets,mccain aloo tikki
436.0,DEL-DRY-PAS-500GM,del monte,pasta,dry food,500 gm,GM,packets,del monte pasta
437.0,BAR-DRY-SPA-500GM,barilla,spaghetti,dry food,500 gm,GM,packets,barilla spaghetti
438.0,KNO-SAU-MAY-100GM,knorr,mayo sauce,sauces,100 gm,GM,packets,knorr mayo sauce
439.0,VEE-SAU-THO-350GM,veeba,thousand island,sauces,350 gm,GM,packets,veeba thousand island
440.0,DEL-CAN-TOM-200GM,del monte,tomato paste,canned,200 gm,GM,packets,del monte tomato paste
441.0,CAT-SPI-PIN-100GM,catch,pink salt,spices,100 gm,GM,packets,catch pink salt
442.0,HER-BEV-MIL-200ML,hershey's,milkshake,beverages,200 ml,ML,packets,hershey's milkshake
443.0,TRO-BEV-MOS-1LTR,tropicana,mosambi juice,beverages,1 ltr,LTR,bottles,tropicana mosambi juice
444.0,REA-BEV-GUA-1LTR,real,guava juice,beverages,1 ltr,LTR,bottles,real guava juice
445.0,MON-CON-VAN-250ML,monin,vanilla syrup,condiments,250 ml,ML,packets,monin vanilla syrup
446.0,URB-HEA-CHI-200GM,urban platter,chia seeds,health,200 gm,GM,packets,urban platter chia seeds
447.0,QUA-BRE-MAS-1KG,quaker,masala oats,breakfast,1 kg,KG,packets,quaker masala oats
448.0,TRU-BRE-MUE-400GM,true elements,muesli,breakfast,400 gm,GM,packets,true elements muesli
449.0,NES-SWE-MIL-200GM,nestlé,milkmaid,sweets,200 gm,GM,packets,nestlé milkmaid
450.0,AMU-SWE-DAR-150GM,amul,dark chocolate,sweets,150 gm,GM,packs,amul dark chocolate
451.0,COC-BEV-ZER-500ML,coca-cola,zero sugar,beverages,500 ml,ML,packets,coca-cola zero sugar
452.0,PEP-BEV-DIE-2LTR,pepsi,diet cola,beverages,2 ltr,LTR,packets,pepsi diet cola
453.0,BIS-BEV-VED-1LTR,bisleri,vedica,beverages,1 ltr,LTR,packets,bisleri vedica
455.0,BRI-BAK-WHO-400GM,britannia,whole wheat bread,bakery,400 gm,GM,loaves,britannia whole wheat bread
456.0,HAR-BAK-WHO-400GM,harvest,whole grain bread,bakery,400 gm,GM,loaves,harvest whole grain bread
457.0,ITC-DRY-SUN-500GM,itc,sunfeast pasta,dry food,500 gm,GM,packets,itc sunfeast pasta
458.0,MTR-REA-POH-300GM,mtr,poha mix,ready mix,300 gm,GM,packets,mtr poha mix
459.0,PAR-SNA-MIL-150GM,parle,milk shakti biscuits,snacks,150 gm,GM,packs,parle milk shakti biscuits
460.0,LAY-SNA-TOM-50GM,lay’s,tomato tango,snacks,50 gm,GM,packets,lay’s tomato tango
461.0,KUR-SNA-GRE-200GM,kurkure,green chutney,snacks,200 gm,GM,packets,kurkure green chutney
462.0,HAL-FRO-SAM-200GM,haldiram’s,samosa,frozen,200 gm,GM,packets,haldiram’s samosa
463.0,BIK-SNA-RAT-100GM,bikaji,ratlami sev,snacks,100 gm,GM,packets,bikaji ratlami sev
465.0,GOO-SNA-BUT-100GM,good day,butter cookies,snacks,100 gm,GM,packets,good day butter cookies
466.0,BRI-BIS-BOU-120GM,britannia,bourbon,biscuits,120 gm,GM,packets,britannia bourbon
467.0,ORE-SNA-STR-120GM,oreo,strawberry,snacks,120 gm,GM,packets,oreo strawberry
468.0,PRI-SNA-SOU-107GM,pringles,sour cream,snacks,107 gm,GM,packets,pringles sour cream
469.0,NUT-HEA-PRO-200GM,nutrela,protein mix,health,200 gm,GM,packets,nutrela protein mix
470.0,SAF-OIL-ACT-1LTR,saffola,active oil,oil,1 ltr,LTR,bottles,saffola active oil
471.0,DHA-OIL-MUS-5LTR,dhara,mustard oil,oil,5 ltr,LTR,bottles,dhara mustard oil
472.0,FOR-OIL-SOY-8LTR,fortune,soybean oil,oil,8 ltr,LTR,bottles,fortune soybean oil
473.0,AMU-DAI-LAS-200ML,amul,lassi,dairy,200 ml,ML,packets,amul lassi
474.0,MOT-DAI-PAN-200GM,mother dairy,paneer,dairy,200 gm,GM,packets,mother dairy paneer
475.0,AMU-DAI-TON-2LTR,amul,toned milk,dairy,2 ltr,LTR,packets,amul toned milk
476.0,TAT-STA-REF-500GM,tata,refined sugar,staples,500 gm,GM,packets,tata refined sugar
477.0,RAJ-PUL-URA-1KG,rajdhani,urad dal,pulses,1 kg,KG,packets,rajdhani urad dal
478.0,MTR-SPI-RAS-200GM,mtr,rasam powder,spices,200 gm,GM,packets,mtr rasam powder
479.0,MAG-INS-PAS-70GM,maggi,pasta,instant,70 gm,GM,packets,maggi pasta
480.0,CHI-INS-HAK-140GM,ching’s,hakka noodles,instant,140 gm,GM,packets,ching’s hakka noodles
481.0,KNO-INS-COR-50GM,knorr,corn soup,instant,50 gm,GM,packets,knorr corn soup
482.0,MAG-SAU-HOT-200GM,maggi,hot & sweet sauce,sauces,200 gm,GM,packets,maggi hot & sweet sauce
483.0,JIM-BEV-COC-250ML,jimmy’s,cocktail mix,beverages,250 ml,ML,packets,jimmy’s cocktail mix
484.0,REA-BEV-LIT-4LTR,real,litchi juice,beverages,4 ltr,LTR,bottles,real litchi juice
485.0,TRO-BEV-CRA-3LTR,tropicana,cranberry,beverages,3 ltr,LTR,packets,tropicana cranberry
487.0,HIM-PER-NEE-150ML,himalaya,neem face wash,personal,150 ml,ML,tubes,himalaya neem face wash
488.0,GAR-PER-FAC-30ML,garnier,face serum,personal,30 ml,ML,packets,garnier face serum
489.0,NIV-PER-COC-200ML,nivea,cocoa butter lotion,personal,200 ml,ML,packets,nivea cocoa butter lotion
490.0,VAS-PER-PET-50GM,vaseline,petroleum jelly,personal,50 gm,GM,packets,vaseline petroleum jelly
491.0,GAR-PER-HAI-50GM,garnier,hair color,personal,50 gm,GM,packets,garnier hair color
492.0,SUN-HAI-BLA-180ML,sunsilk,black shine shampoo,hair,180 ml,ML,packets,sunsilk black shine shampoo
493.0,PAN-HAI-PRO-180ML,pantene,pro-v shampoo,hair,180 ml,ML,packets,pantene pro-v shampoo
494.0,GOD-HAI-EXP-50GM,godrej,expert hair color,hair,50 gm,GM,packets,godrej expert hair color
495.0,PRA-SWE-SOA-500GM,prabhuji,soan papdi,sweets,500 gm,GM,packets,prabhuji soan papdi
496.0,MTR-SWE-GUL-200GM,mtr,gulab jamun mix,sweets,200 gm,GM,jars,mtr gulab jamun mix
497.0,GIT-REA-DHO-200GM,gits,dhokla mix,ready mix,200 gm,GM,packets,gits dhokla mix
498.0,BET-BAK-CAK-500GM,betty crocker,cake mix,baking,500 gm,GM,packets,betty crocker cake mix
499.0,KRA-SAU-MAY-450GM,kraft,mayonnaise,sauces,450 gm,GM,packets,kraft mayonnaise
500.0,TAB-SAU-HOT-60ML,tabasco,hot sauce,sauces,60 ml,ML,packets,tabasco hot sauce
501.0,AME-SAU-BBQ-510GM,american garden,bbq sauce,sauces,510 gm,GM,packets,american garden bbq sauce
502.0,DEL-CAN-SWE-190GM,del monte,sweet corn (can),canned,190 gm,GM,packets,del monte sweet corn (can)
503.0,HEI-SAU-TOM-300GM,heinz,tomato ketchup,sauces,300 gm,GM,packets,heinz tomato ketchup
504.0,OLD-REA-TOR-6PCS,old el paso,tortilla wrap,ready to cook,6 pcs,PCS,packets,old el paso tortilla wrap
505.0,KEV-BEV-BAN-300ML,keventers,banana milkshake,beverage,300 ml,ML,packets,keventers banana milkshake
506.0,HER-CON-STR-200ML,hershey's,strawberry syrup,condiments,200 ml,ML,packets,hershey's strawberry syrup
507.0,MAP-BEV-MOJ-750ML,mapro,mojito drink,beverage,750 ml,ML,packets,mapro mojito drink
508.0,TAN-BEV-LEM-500GM,tang,lemon instant drink,beverage,500 gm,GM,packets,tang lemon instant drink
509.0,ROO-BEV-SYR-700ML,rooh afza,syrup,beverage,700 ml,ML,packets,rooh afza syrup
510.0,DAA-GRA-ROZ-5KG,daawat,rozana super basmati rice,grains,5 kg,KG,bags,daawat rozana super basmati rice
511.0,IND-GRA-BAS-3KG,india gate,basmati rice classic,grains,3 kg,KG,bags,india gate basmati rice classic
512.0,DAA-GRA-PUL-2KG,daawat,pulav basmati rice,grains,2 kg,KG,bags,daawat pulav basmati rice
513.0,DAA-GRA-ROZ-2.5KG,daawat,rozana super basmati rice,grains,2.5 kg,KG,bags,daawat rozana super basmati rice
514.0,CHI-INS-VEG-140GM,ching’s,veg hakka noodles,instant food,140 gm,GM,packets,ching’s veg hakka noodles
515.0,THE-BAK-CHO-45GM,the baker's dozen,choco chip muffin,bakery,45 gm,GM,packets,the baker's dozen choco chip muffin
516.0,THE-BAK-CHO-4*45GM,the baker's dozen,choco chip muffin,bakery,4 * 45 gm,GM,packets,the baker's dozen choco chip muffin
517.0,AMU-DAI-BUT-200ML,amul masti,buttermilk,dairy,200 ml,ML,packets,amul masti buttermilk
518.0,NOI-DAI-BUT-500ML,noice,buttermilk,dairy,500 ml,ML,packets,noice buttermilk
519.0,MOT-DAI-TAD-270ML,mother dairy,tadka chach,dairy,270 ml,ML,packets,mother dairy tadka chach
520.0,EPI-BEV-STR-180ML,epigamia,strawberry milkshake,beverages,180 ml,ML,packets,epigamia strawberry milkshake
521.0,NES-BEV-COL-100ML,nescafe,cold coffee,beverages,100 ml,ML,jars,nescafe cold coffee
522.0,NES-BEV-CHO-200ML,nescafe,choco latte,beverages,200 ml,ML,packets,nescafe choco latte
523.0,NES-BEV-COL-3*100ML,nescafe,cold coffee classic,beverages,3 * 100 ml,ML,jars,nescafe cold coffee classic
524.0,CAV-BEV-COL-180ML,cavin's,cold coffee,beverages,180 ml,ML,jars,cavin's cold coffee
525.0,THE-GRA-WHO-350GM,the health factory,whole wheat bread,grains,350 gm,GM,loaves,the health factory whole wheat bread
526.0,NOI-GRA-WHO-250GM,noice,whole wheat bread,grains,250 gm,GM,loaves,noice whole wheat bread
527.0,NOI-GRA-LAA-240GM,noice,laadi pav,grains,240 gm,GM,packets,noice laadi pav
528.0,NOI-GRA-BUT-250GM,noice,buttery milk bread,grains,250 gm,GM,loaves,noice buttery milk bread
529.0,MOD-GRA-BRO-400GM,modern,brown bread,grains,400 gm,GM,loaves,modern brown bread
530.0,MOD-GRA-BUR-280GM,modern,burger bun,grains,280 gm,GM,packets,modern burger bun
531.0,NOI-PRO-BRO-6PCS,noice,brown eggs,protein,6 pcs,PCS,packets,noice brown eggs
532.0,ENG-GRA-MUL-400GM,english oven,multigrain bread,grains,400 gm,GM,loaves,english oven multigrain bread
533.0,MAG-INS-MAS-4PCS,maggie,masala noodles,instant food,4 pcs,PCS,packets,maggie masala noodles
534.0,LAY-PAC-CRE-5PACKET,lay's,cream & onion chips,packaged food,5 Packet,PKT,packets,lay's cream & onion chips
535.0,BIN-PAC-CHI-2PACKET,bingo,chilli sprinkled potato chips,packaged food,2 Packet ,PKT,packets,bingo chilli sprinkled potato chips
536.0,KUR-PAC-CHE-3*80GM,kurkure,cheese puffcorn,packaged food,3 * 80 gm,GM,packets,kurkure cheese puffcorn
537.0,PAT-STA-BES-500GM,patanjali,besan,staples,500 gm,GM,packets,patanjali besan
538.0,SIL-STA-BES-1KG,silver coin,besan,staples,1 kg,KG,packets,silver coin besan
539.0,PAT-STA-BAJ-3KG,patanjali,bajra atta,staples,3 kg,KG,packets,patanjali bajra atta
540.0,PAT-HEA-OAT-200GM,patanjali,oats,healthy food,200 gm,GM,packets,patanjali oats
541.0,PAT-SWE-GUR-1KG,patanjali,gur,sweets,1 kg,KG,packets,patanjali gur
542.0,AMU-DAI-GOL-500ML,amul,gold milk,dairy,500 ml,ML,packets,amul gold milk
543.0,MOT-DAI-TON-500ML,mother dairy,toned milk,dairy,500 ml,ML,packets,mother dairy toned milk
544.0,NAN-DAI-FRE-1LTR,nandini,fresh milk,dairy,1 ltr,LTR,packets,nandini fresh milk
545.0,DAN-DAI-GRE-100GM,danone,greek yogurt,dairy,100 gm ,GM,packets,danone greek yogurt
546.0,BRI-DAI-CHE-100GM,britannia,cheese spread,dairy,100 gm ,GM,packets,britannia cheese spread
547.0,NES-DAI-SLI-1LTR,nestlé,slim milk,dairy,1 ltr,LTR,packets,nestlé slim milk
548.0,GOV-DAI-PAN-500GM,govardhan,paneer,dairy,500 gm,GM,packets,govardhan paneer
549.0,VER-DAI-LAS-200ML,verka,lassi,dairy,200 ml,ML,packets,verka lassi
550.0,PAT-DAI-COW-250ML,patanjali,cow ghee,dairy,250 ml,ML,jars,patanjali cow ghee
551.0,EPI-DAI-GRE-90GM,epigamia,greek yogurt,dairy,90 gm,GM,packets,epigamia greek yogurt
552.0,FOR-OIL-SUN-1LTR,fortune,sunlite oil,oil,1 ltr,LTR,bottles,fortune sunlite oil
553.0,SAF-OIL-ORY-1LTR,saffola,oryzanol oil,oil,1 ltr,LTR,bottles,saffola oryzanol oil
555.0,GEM-OIL-REF-1LTR,gemini,refined oil,oil,1 ltr,LTR,bottles,gemini refined oil
556.0,GOL-OIL-SUN-1LTR,gold winner,sunflower oil,oil,1 ltr,LTR,bottles,gold winner sunflower oil
557.0,DAL-OIL-VAN-1LTR,dalda,vanaspati,oil,1 ltr,LTR,packets,dalda vanaspati
558.0,BOR-OIL-OLI-500ML,borges,olive oil,oil,500 ml,ML,bottles,borges olive oil
559.0,FIG-OIL-OLI-250ML,figaro,olive oil,oil,250 ml,ML,bottles,figaro olive oil
560.0,BER-OIL-VIR-500ML,bertolli,extra virgin olive oil,oil,500 ml,ML,bottles,bertolli extra virgin olive oil
561.0,CAT-SPI-AJW-50GM,catch,ajwain,spices,50 gm,GM,packets,catch ajwain
562.0,MDH-SPI-PAV-100GM,mdh,pav bhaji masala,spices,100 gm ,GM,packets,mdh pav bhaji masala
563.0,EVE-SPI-SAB-100GM,everest,sabzi masala,spices,100 gm ,GM,packets,everest sabzi masala
564.0,EAS-SPI-CHI-100GM,eastern,chicken masala,spices,100 gm ,GM,packets,eastern chicken masala
565.0,AAC-SPI-RAS-200GM,aachi,rasam powder,spices,200 gm,GM,packets,aachi rasam powder
566.0,KEY-SPI-ITA-50GM,keya,italian seasoning,spices,50 gm,GM,packets,keya italian seasoning
567.0,TAT-SPI-COR-200GM,tata sampann,coriander powder,spices,200 gm,GM,packets,tata sampann coriander powder
568.0,CAT-SPI-MUS-100GM,catch,mustard seeds,spices,100 gm ,GM,packets,catch mustard seeds
569.0,EVE-SPI-BIR-100GM,everest,biryani masala,spices,100 gm ,GM,packets,everest biryani masala
570.0,VIM-CLE-DIS-500ML,vim,dishwash liquid,cleaning,500 ml,ML,packets,vim dishwash liquid
571.0,PRI-CLE-DIS-425ML,pril,dishwash liquid,cleaning,425 ml,ML,packets,pril dishwash liquid
572.0,EXO-CLE-DIS-250GM,exo,dishwash bar,cleaning,250 gm,GM,packets,exo dishwash bar
573.0,VIM-CLE-DIS-250GM,vim,dishwash bar,cleaning,250 gm,GM,packets,vim dishwash bar
574.0,SUR-LAU-LIQ-500ML,surf excel,liquid detergent,laundry,500 ml,ML,packets,surf excel liquid detergent
575.0,TID-LAU-DET-1KG,tide,detergent powder,laundry,1 kg,KG,packets,tide detergent powder
576.0,WHE-LAU-DET-500GM,wheel,detergent powder,laundry,500 gm,GM,packets,wheel detergent powder
577.0,UJA-LAU-FAB-250ML,ujala,fabric whitener,laundry,250 ml,ML,packets,ujala fabric whitener
578.0,COM-LAU-AFT-500ML,comfort,after wash,laundry,500 ml,ML,packets,comfort after wash
579.0,DOM-CLE-TOI-500ML,domex,toilet cleaner,cleaning,500 ml,ML,bottles,domex toilet cleaner
580.0,MRM-CLE-BAT-500ML,mr muscle,bathroom cleaner,cleaning,500 ml,ML,bottles,mr muscle bathroom cleaner
581.0,GOD-HOM-AIR-220ML,godrej,air freshener,home,220 ml,ML,packets,godrej air freshener
582.0,AMB-HOM-CAR-45ML,ambi pur,car air freshener,home,45 ml,ML,packets,ambi pur car air freshener
583.0,GOO-SAF-LIQ-1PCS,goodknight,liquid refill,safety,1 pcs,PCS,packets,goodknight liquid refill
584.0,MOR-SAF-COC-400ML,mortein,cockroach spray,safety,400 ml,ML,packets,mortein cockroach spray
585.0,DET-HEA-ANT-100ML,dettol,antiseptic liquid,health,100 ml,ML,packets,dettol antiseptic liquid
586.0,SAV-HEA-ANT-200ML,savlon,antiseptic liquid,health,200 ml,ML,packets,savlon antiseptic liquid
587.0,WHI-HYG-ULT-8PCS,whisper,ultra pads,hygiene,8 pcs,PCS,packets,whisper ultra pads
588.0,STA-HYG-XL-6PCS,stayfree,xl pads,hygiene,6 pcs,PCS,packets,stayfree xl pads
589.0,CAR-HYG-PAN-20PCS,carefree,panty liners,hygiene,20 pcs,PCS,packets,carefree panty liners
590.0,PAM-BAB-PAN-15PCS,pampers,pants diapers,baby care,15 pcs,PCS,packs,pampers pants diapers
591.0,MEE-BAB-LOT-200ML,mee mee,baby lotion,baby care,200 ml,ML,packets,mee mee baby lotion
592.0,JOH-BAB-SHA-100ML,johnson’s,baby shampoo,baby care,100 ml,ML,packets,johnson’s baby shampoo
593.0,CHI-BAB-SOA-75GM,chicco,baby soap,baby care,75 gm,GM,packets,chicco baby soap
594.0,PED-PET-BIS-500GM,pedigree,biscrok dog treat,pet care,500 gm,GM,packets,pedigree biscrok dog treat
595.0,DRO-PET-CHI-3KG,drools,chicken dog food,pet care,3 kg,KG,packets,drools chicken dog food
596.0,WHI-PET-TUN-1.2KG,whiskas,tuna cat food,pet care,1.2 kg,KG,packets,whiskas tuna cat food
597.0,HIM-PER-NEE-100ML,himalaya,neem face wash,personal,100 ml,ML,tubes,himalaya neem face wash
598.0,CLE-PER-FAC-50ML,clean & clear,face wash,personal,50 ml,ML,tubes,clean & clear face wash
599.0,BIO-PER-PAP-75GM,biotique,bio papaya scrub,personal,75 gm ,GM,packets,biotique bio papaya scrub
600.0,GAR-PER-SHE-1PCS,garnier,sheet mask,personal,1 pcs,PCS,packets,garnier sheet mask
601.0,DOV-HAR-CON-80ML,dove,hair conditioner,hair,80 ml,ML,packets,dove hair conditioner
602.0,PAN-HAR-MAS-200ML,pantene,hair mask,hair,200 ml,ML,packets,pantene hair mask
603.0,SUN-HAR-MAS-200ML,sunsilk,hair mask,hair,200 ml,ML,packets,sunsilk hair mask
604.0,TRES-HAR-SHA-580ML,tresemme,shampoo,hair,580 ml,ML,packets,tresemme shampoo
605.0,LOR-HAR-COL-175ML,l’oréal,color protect shampoo,hair,175 ml,ML,packets,l’oréal color protect shampoo
606.0,LOR-HAR-SER-100ML,loreal,hair serum,hair,100 ml,ML,packets,loreal hair serum
607.0,VEE-PER-HAI-50GM,veet,hair removal cream,personal,50 gm,GM,packets,veet hair removal cream
608.0,GIL-PER-SHA-70GM,gillette,shaving cream,personal,70 gm,GM,packets,gillette shaving cream
609.0,NIV-PER-SOF-200ML,nivea,soft cream,personal,200 ml,ML,packets,nivea soft cream
610.0,VAS-PER-ALO-300ML,vaseline,aloe lotion,personal,300 ml,ML,packets,vaseline aloe lotion
611.0,ENC-PER-TAL-100GM,enchanteur,talc powder,personal,100 gm ,GM,packets,enchanteur talc powder
612.0,BOR-PER-NIG-40GM,boroline,night cream,personal,40 gm,GM,packets,boroline night cream
613.0,KAP-HEA-ALO-1LTR,kapiva,aloe vera juice,health,1 ltr,LTR,bottles,kapiva aloe vera juice
614.0,DAB-HEA-GIL-1LTR,dabur,giloy juice,health,1 ltr,LTR,bottles,dabur giloy juice
615.0,PAT-HEA-ALO-150ML,patanjali,aloe vera gel,health,150 ml,ML,packets,patanjali aloe vera gel
616.0,MUS-NUT-WHE-1KG,muscleblaze,whey protein,nutrition,1 kg,KG,packets,muscleblaze whey protein
617.0,OPT-NUT-PRO-2LB,optimum nutrition,protein powder,nutrition,2 lb,LB,packets,optimum nutrition protein powder
618.0,HOR-NUT-WOM-400GM,horlicks,women’s plus,nutrition,400 gm,GM,packets,horlicks women’s plus
619.0,BOU-NUT-LIL-400GM,bournvita,lil champs,nutrition,400 gm,GM,packets,bournvita lil champs
620.0,COM-NUT-NUT-400GM,complan,nutrition drink,nutrition,400 gm,GM,packets,complan nutrition drink
621.0,PED-NUT-PED-400GM,pediasure,nutrition powder,nutrition,400 gm,GM,packets,pediasure nutrition powder
622.0,BLU-BEV-PAC-500ML,blue star,packaged water,beverage,500 ml,ML,packets,blue star packaged water
623.0,PAP-BEV-AAM-250ML,paper boat,aam panna,beverage,250 ml,ML,packets,paper boat aam panna
626.0,BAD-BEV-JEE-250ML,badshah,jeera masala soda,beverage,250 ml,ML,packets,badshah jeera masala soda
628.0,GUL-SWE-JAM-1KG,gulab,jamun tin,sweets,1 kg,KG,jars,gulab jamun tin
631.0,GIT-RDM-DHO-200GM,gits,dhokla mix,ready mix,200 gm,GM,packets,gits dhokla mix
637.0,HEN-SAU-TOM-300GM,heinz,tomato ketchup,sauces,300 g,GM,packets,heinz tomato ketchup
638.0,OLD-RTC-TOR-6PCS,old el paso,tortilla wrap,ready to cook,6 pcs,PCS,packets,old el paso tortilla wrap
642.0,GOD-SOF-SOY-1LTR,godiva,soy milk,soft drink,1 ltr,LTR,packets,godiva soy milk
643.0,LIP-ORG-COC-100GM,lipton,coconut cream,organic,100 gm ,GM,packets,lipton coconut cream
644.0,TWI-IMP-CHI-200GM,twinings,chicken wings,imported,200 gm,GM,packets,twinings chicken wings
645.0,ORE-SPE-OLI-1KG,oreo mini,olive tapenade,specialty,1 kg,KG,packets,oreo mini olive tapenade
646.0,FAN-DAI-PAS-6PCS,fanta,pasta sauce,dairy,6 pcs,PCS,packets,fanta pasta sauce
647.0,MOU-OIL-RIC-750ML,mountain dew,rice crackers,oil,750 ml,ML,bags,mountain dew rice crackers
648.0,RED-SNA-HAZ-300ML,red bull,hazelnut spread,snacks,300 ml,ML,packets,red bull hazelnut spread
649.0,PIP-SPI-PRE-400GM,pipers,premium tea,spices,400 gm,GM,packets,pipers premium tea
650.0,TIL-BEV-GRE-2LB,tilda,green tea,beverage,2 lb,LB,packets,tilda green tea
651.0,HEE-FRO-MIN-500ML,heera,mini biscuits,frozen,500 ml,ML,packs,heera mini biscuits
652.0,LIN-CON-ORA-1LTR,lindt,orange soda,condiments,1 ltr,LTR,packets,lindt orange soda
653.0,SMU-SAU-ENE-100GM ,smucker's,energy drink,sauces,100 gm ,GM,packets,smucker's energy drink
654.0,HEL-CER-GOU-200GM,hellmann's,gourmet crisps,cereal,200 gm,GM,packets,hellmann's gourmet crisps
655.0,ELP-PRO-JAS-1KG,el paso,jasmine rice,protein,1 kg,KG,bags,el paso jasmine rice
656.0,SNY-BAK-WHO-6PCS,snyder's,whole spices,baking,6 pcs,PCS,packets,snyder's whole spices
657.0,TRO-SOF-DAR-750ML,tropolite,dark chocolate,soft drink,750 ml,ML,packs,tropolite dark chocolate
658.0,SWE-ORG-FRU-300ML,sweet'n low,fruit jam,organic,300 ml,ML,jars,sweet'n low fruit jam
659.0,BET-IMP-MAY-400GM,bettys,mayonnaise,imported,400 gm,GM,packets,bettys mayonnaise
660.0,NAN-SPE-TOR-2LB,nando's,tortilla chips,specialty,2 lb,LB,packets,nando's tortilla chips
661.0,MCC-DAI-PRE-500ML,mccafe,pretzel sticks,dairy,500 ml,ML,packets,mccafe pretzel sticks
662.0,FOL-OIL-WHI-1LTR,folgers,whipping cream,oil,1 ltr,LTR,packets,folgers whipping cream
663.0,HÄA-SNA-SUG-100GM,häagen-dazs,sugar substitute,snacks,100 gm ,GM,packets,häagen-dazs sugar substitute
664.0,DRO-SPI-ICI-200GM,dr. oetker,icing sugar,spices,200 gm,GM,packets,dr. oetker icing sugar
665.0,PLA-BEV-PER-1KG,planet oat,peri peri sauce,beverage,1 kg,KG,packets,planet oat peri peri sauce
666.0,BEY-FRO-COL-6PCS,beyond meat,cold brew coffee,frozen,6 pcs,PCS,jars,beyond meat cold brew coffee
667.0,JUS-CON-GRE-750ML,just mayo,greek yogurt,condiments,750 ml,ML,packets,just mayo greek yogurt
668.0,JIF-SAU-FRO-300ML,jif,frozen cake,sauces,300 ml,ML,packets,jif frozen cake
669.0,BOB-CER-MEA-400GM,bob's red mill,meat substitute,cereal,400 gm,GM,packets,bob's red mill meat substitute
670.0,ANN-PRO-VEG-2LB,annapurna,vegan spread,protein,2 lb,LB,packets,annapurna vegan spread
671.0,TET-BAK-PEA-500ML,tetley,peanut butter,baking,500 ml,ML,packets,tetley peanut butter
672.0,RED-SOF-OAT-1LTR,red cow,oats,soft drink,1 ltr,LTR,packets,red cow oats
673.0,DRP-ORG-PRE-100GM,dr pepper,premium atta,organic,100 gm ,GM,packets,dr pepper premium atta
674.0,SUN-IMP-CHA-200GM,sunfeast gold,chai latte,imported,200 gm,GM,packets,sunfeast gold chai latte
675.0,SUN-SPE-FRE-1KG,sun orchard,fresh cream,specialty,1 kg,KG,packets,sun orchard fresh cream
676.0,BAR-DAI-SOF-6PCS,barbican,soft drink,dairy,6 pcs,PCS,bottles,barbican soft drink
677.0,HAR-OIL-PRO-750ML,haribo,protein shake,oil,750 ml,ML,packets,haribo protein shake
678.0,PIL-SNA-CHO-300ML,pillsbury dough,chocolate spread,snacks,300 ml,ML,packs,pillsbury dough chocolate spread
679.0,STO-SPI-WHO-400GM,stonyfield,whole wheat flour,spices,400 gm,GM,packets,stonyfield whole wheat flour
680.0,SAR-BEV-KIW-2LB,sargento,kiwi juice,beverage,2 lb,LB,bottles,sargento kiwi juice
681.0,IDF-FRO-ALM-500ML,id fresh,almond milk,frozen,500 ml,ML,packets,id fresh almond milk
682.0,ORG-CON-SOY-1LTR,organic valley,soy milk,condiments,1 ltr,LTR,packets,organic valley soy milk
683.0,ANA-SAU-COC-100GM,ananda,coconut cream,sauces,100 gm ,GM,packets,ananda coconut cream
684.0,SEA-CER-CHI-200GM,seara,chicken wings,cereal,200 gm,GM,packets,seara chicken wings
685.0,REA-PRO-OLI-1KG,real thai,olive tapenade,protein,1 kg,KG,packets,real thai olive tapenade
686.0,BAR-BAK-PAS-6PCS,barilla,pasta sauce,baking,6 pcs,PCS,packets,barilla pasta sauce
687.0,BLU-SOF-RIC-750ML,blue diamond,rice crackers,soft drink,750 ml,ML,bags,blue diamond rice crackers
688.0,NAT-ORG-HAZ-300ML,nature valley,hazelnut spread,organic,300 ml,ML,packets,nature valley hazelnut spread
689.0,FER-IMP-PRE-400GM,ferrero,premium tea,imported,400 gm,GM,packets,ferrero premium tea
690.0,NES-SPE-GRE-2LB,nestlé gold,green tea,specialty,2 lb,LB,packets,nestlé gold green tea
691.0,GOD-DAI-MIN-500ML,godiva,mini biscuits,dairy,500 ml,ML,packs,godiva mini biscuits
692.0,LIP-OIL-ORA-1LTR,lipton,orange soda,oil,1 ltr,LTR,packets,lipton orange soda
693.0,TWI-SNA-ENE-100GM,twinings,energy drink,snacks,100 gm ,GM,packets,twinings energy drink
694.0,ORE-SPI-GOU-200GM,oreo mini,gourmet crisps,spices,200 gm,GM,packets,oreo mini gourmet crisps
695.0,FAN-BEV-JAS-1KG,fanta,jasmine rice,beverage,1 kg,KG,bags,fanta jasmine rice
696.0,MOU-FRO-WHO-6PCS,mountain dew,whole spices,frozen,6 pcs,PCS,packets,mountain dew whole spices
697.0,RED-CON-DAR-750ML,red bull,dark chocolate,condiments,750 ml,ML,packs,red bull dark chocolate
698.0,PIP-SAU-FRU-300ML,pipers,fruit jam,sauces,300 ml,ML,jars,pipers fruit jam
699.0,TIL-CER-MAY-400GM,tilda,mayonnaise,cereal,400 gm,GM,packets,tilda mayonnaise
700.0,HEE-PRO-TOR-2LB,heera,tortilla chips,protein,2 lb,LB,packets,heera tortilla chips
701.0,LIN-BAK-PRE-500ML,lindt,pretzel sticks,baking,500 ml,ML,packets,lindt pretzel sticks
702.0,SMU-SOF-WHI-1LTR,smucker's,whipping cream,soft drink,1 ltr,LTR,packets,smucker's whipping cream
703.0,HEL-ORG-SUG-100GM,hellmann's,sugar substitute,organic,100 gm ,GM,packets,hellmann's sugar substitute
704.0,ELP-IMP-ICI-200GM,el paso,icing sugar,imported,200 gm,GM,packets,el paso icing sugar
705.0,SNY-SPE-PER-1KG,snyder's,peri peri sauce,specialty,1 kg,KG,packets,snyder's peri peri sauce
706.0,TRO-DAI-COL-6PCS,tropolite,cold brew coffee,dairy,6 pcs,PCS,jars,tropolite cold brew coffee
707.0,SWE-OIL-GRE-750ML,sweet'n low,greek yogurt,oil,750 ml,ML,packets,sweet'n low greek yogurt
708.0,BET-SNA-FRO-300ML,bettys,frozen cake,snacks,300 ml,ML,packets,bettys frozen cake
709.0,NAN-SPI-MEA-400GM,nando's,meat substitute,spices,400 g,GM,packets,nando's meat substitute
710.0,MCC-BEV-VEG-2LB,mccafe,vegan spread,beverage,2 lb,LB,packets,mccafe vegan spread
711.0,FOL-FRO-PEA-500ML,folgers,peanut butter,frozen,500 ml,ML,packets,folgers peanut butter
712.0,HÄA-CON-OAT-1LTR,häagen-dazs,oats,condiments,1 ltr,LTR,packets,häagen-dazs oats
713.0,DRO-SAU-PRE-100GM,dr. oetker,premium atta,sauces,100 gm ,GM,packets,dr. oetker premium atta
714.0,PLA-CER-CHA-200GM,planet oat,chai latte,cereal,200 gm,GM,packets,planet oat chai latte
715.0,BEY-PRO-FRE-1KG,beyond meat,fresh cream,protein,1 kg,KG,packets,beyond meat fresh cream
716.0,JUS-BAK-SOF-6PCS,just mayo,soft drink,baking,6 pcs,PCS,bottles,just mayo soft drink
717.0,JIF-SOF-PRO-750ML,jif,protein shake,soft drink,750 ml,ML,packets,jif protein shake
718.0,BOB-ORG-CHO-300ML,bob's red mill,chocolate spread,organic,300 ml,ML,packs,bob's red mill chocolate spread
719.0,ANN-IMP-WHO-400GM,annapurna,whole wheat flour,imported,400 gm,GM,packets,annapurna whole wheat flour
720.0,TET-SPE-KIW-2LB,tetley,kiwi juice,specialty,2 lb,LB,bottles,tetley kiwi juice
721.0,RED-DAI-ALM-500ML,red cow,almond milk,dairy,500 ml,ML,packets,red cow almond milk
722.0,DRP-OIL-SOY-1LTR,dr pepper,soy milk,oil,1 ltr,LTR,packets,dr pepper soy milk
723.0,SUN-SNA-COC-100GM,sunfeast gold,coconut cream,snacks,100 gm ,GM,packets,sunfeast gold coconut cream
724.0,SUN-SPI-CHI-200GM,sun orchard,chicken wings,spices,200 gm,GM,packets,sun orchard chicken wings
725.0,BAR-BEV-OLI-1KG,barbican,olive tapenade,beverage,1 kg,KG,packets,barbican olive tapenade
726.0,HAR-FRO-PAS-6PCS,haribo,pasta sauce,frozen,6 pcs,PCS,packets,haribo pasta sauce
727.0,PIL-CON-RIC-750ML,pillsbury dough,rice crackers,condiments,750 ml,ML,bags,pillsbury dough rice crackers
728.0,STO-SAU-HAZ-300ML,stonyfield,hazelnut spread,sauces,300 ml,ML,packets,stonyfield hazelnut spread
729.0,SAR-CER-PRE-400GM,sargento,premium tea,cereal,400 gm,GM,packets,sargento premium tea
730.0,IDF-PRO-GRE-2LB,id fresh,green tea,protein,2 lb,LB,packets,id fresh green tea
731.0,ORG-BAK-MIN-500ML,organic valley,mini biscuits,baking,500 ml,ML,packs,organic valley mini biscuits
732.0,ANA-SOF-ORA-1LTR,ananda,orange soda,soft drink,1 ltr,LTR,packets,ananda orange soda
733.0,SEA-ORG-ENE-100GM,seara,energy drink,organic,100 gm ,GM,packets,seara energy drink
734.0,REA-IMP-GOU-200GM,real thai,gourmet crisps,imported,200 gm,GM,packets,real thai gourmet crisps
735.0,BAR-SPE-JAS-1KG,barilla,jasmine rice,specialty,1 kg,KG,bags,barilla jasmine rice
736.0,BLU-DAI-WHO-6PCS,blue diamond,whole spices,dairy,6 pcs,PCS,packets,blue diamond whole spices
737.0,NAT-OIL-DAR-750ML,nature valley,dark chocolate,oil,750 ml,ML,packs,nature valley dark chocolate
738.0,FER-SNA-FRU-300ML,ferrero,fruit jam,snacks,300 ml,ML,jars,ferrero fruit jam
739.0,NES-SPI-MAY-400GM,nestlé gold,mayonnaise,spices,400 gm,GM,packets,nestlé gold mayonnaise
740.0,GOD-BEV-TOR-2LB,godiva,tortilla chips,beverage,2 lb,LB,packets,godiva tortilla chips
741.0,LIP-FRO-PRE-500ML,lipton,pretzel sticks,frozen,500 ml,ML,packets,lipton pretzel sticks
742.0,TWI-CON-WHI-1LTR,twinings,whipping cream,condiments,1 ltr,LTR,packets,twinings whipping cream
743.0,ORE-SAU-SUG-100GM,oreo mini,sugar substitute,sauces,100 gm ,GM,packets,oreo mini sugar substitute
744.0,FAN-CER-ICI-200GM,fanta,icing sugar,cereal,200 gm,GM,packets,fanta icing sugar
745.0,MOU-PRO-PER-1KG,mountain dew,peri peri sauce,protein,1 kg,KG,packets,mountain dew peri peri sauce
746.0,RED-BAK-COL-6PCS,red bull,cold brew coffee,baking,6 pcs,PCS,jars,red bull cold brew coffee
747.0,PIP-SOF-GRE-750ML,pipers,greek yogurt,soft drink,750 ml,ML,packets,pipers greek yogurt
748.0,TIL-ORG-FRO-300ML,tilda,frozen cake,organic,300 ml,ML,packets,tilda frozen cake
749.0,HEE-IMP-MEA-400GM,heera,meat substitute,imported,400 gm,GM,packets,heera meat substitute
750.0,LIN-SPE-VEG-2LB,lindt,vegan spread,specialty,2 lb,LB,packets,lindt vegan spread
751.0,SMU-DAI-PEA-500ML,smucker's,peanut butter,dairy,500 ml,ML,packets,smucker's peanut butter
752.0,HEL-OIL-OAT-1LTR,hellmann's,oats,oil,1 ltr,LTR,packets,hellmann's oats
753.0,ELP-SNA-PRE-100GM,el paso,premium atta,snacks,100 gm ,GM,packets,el paso premium atta
754.0,SNY-SPI-CHA-200GM,snyder's,chai latte,spices,200 gm,GM,packets,snyder's chai latte
755.0,TRO-BEV-FRE-1KG,tropolite,fresh cream,beverage,1 kg,KG,packets,tropolite fresh cream
756.0,SWE-FRO-SOF-6PCS,sweet'n low,soft drink,frozen,6 pcs,PCS,bottles,sweet'n low soft drink
757.0,BET-CON-PRO-750ML,bettys,protein shake,condiments,750 ml,ML,packets,bettys protein shake
758.0,NAN-SAU-CHO-300ML,nando's,chocolate spread,sauces,300 ml,ML,packs,nando's chocolate spread
759.0,MCC-CER-WHO-400GM,mccafe,whole wheat flour,cereal,400 gm,GM,packets,mccafe whole wheat flour
760.0,FOL-PRO-KIW-2LB,folgers,kiwi juice,protein,2 lb,LB,bottles,folgers kiwi juice
761.0,HÄA-BAK-ALM-500ML,häagen-dazs,almond milk,baking,500 ml,ML,packets,häagen-dazs almond milk
762.0,DRO-SOF-SOY-1LTR,dr. oetker,soy milk,soft drink,1 ltr,LTR,packets,dr. oetker soy milk
763.0,PLA-ORG-COC-100GM,planet oat,coconut cream,organic,100 gm,GM,packets,planet oat coconut cream
764.0,BEY-IMP-CHI-200GM,beyond meat,chicken wings,imported,200 gm,GM,packets,beyond meat chicken wings
765.0,JUS-SPE-OLI-1KG,just mayo,olive tapenade,specialty,1 kg,KG,packets,just mayo olive tapenade
766.0,JIF-DAI-PAS-6PCS,jif,pasta sauce,dairy,6 pcs,PCS,packets,jif pasta sauce
767.0,BOB-OIL-RIC-750ML,bob's red mill,rice crackers,oil,750 ml,ML,bags,bob's red mill rice crackers
768.0,ANN-SNA-HAZ-300ML,annapurna,hazelnut spread,snacks,300 ml,ML,packets,annapurna hazelnut spread
769.0,TET-SPI-PRE-400GM,tetley,premium tea,spices,400 gm,GM,packets,tetley premium tea
770.0,RED-BEV-GRE-2LB,red cow,green tea,beverage,2 lb,LB,packets,red cow green tea
771.0,DRP-FRO-MIN-500ML,dr pepper,mini biscuits,frozen,500 ml,ML,packs,dr pepper mini biscuits
772.0,SUN-CON-ORA-1LTR,sunfeast gold,orange soda,condiments,1 ltr,LTR,packets,sunfeast gold orange soda
773.0,SUN-SAU-ENE-100GM,sun orchard,energy drink,sauces,100 gm,GM,packets,sun orchard energy drink
774.0,BAR-CER-GOU-200GM,barbican,gourmet crisps,cereal,200 gm,GM,packets,barbican gourmet crisps
775.0,HAR-PRO-JAS-1KG,haribo,jasmine rice,protein,1 kg,KG,bags,haribo jasmine rice
776.0,PIL-BAK-WHO-6PCS,pillsbury dough,whole spices,baking,6 pcs,PCS,packets,pillsbury dough whole spices
777.0,STO-SOF-DAR-750ML,stonyfield,dark chocolate,soft drink,750 ml,ML,packs,stonyfield dark chocolate
778.0,SAR-ORG-FRU-300ML,sargento,fruit jam,organic,300 ml,ML,jars,sargento fruit jam
779.0,IDF-IMP-MAY-400G,id fresh,mayonnaise,imported,400 gm,GM,packets,id fresh mayonnaise
780.0,ORG-SPE-TOR-2LB,organic valley,tortilla chips,specialty,2 lb,LB,packets,organic valley tortilla chips
781.0,ANA-DAI-PRE-500ML,ananda,pretzel sticks,dairy,500 ml,ML,packets,ananda pretzel sticks
782.0,SEA-OIL-WHI-1LTR,seara,whipping cream,oil,1 ltr,LTR,packets,seara whipping cream
783.0,REA-SNA-SUG-100GM,real thai,sugar substitute,snacks,100 gm ,GM,packets,real thai sugar substitute
784.0,BAR-SPI-ICI-200GM,barilla,icing sugar,spices,200 gm,GM,packets,barilla icing sugar
785.0,BLU-BEV-PER-1KG,blue diamond,peri peri sauce,beverage,1 kg,KG,packets,blue diamond peri peri sauce
786.0,NAT-FRO-COL-6PCS,nature valley,cold brew coffee,frozen,6 pcs,PCS,jars,nature valley cold brew coffee
787.0,FER-CON-GRE-750ML,ferrero,greek yogurt,condiments,750 ml,ML,packets,ferrero greek yogurt
788.0,NES-SAU-FRO-300ML,nestlé gold,frozen cake,sauces,300 ml,ML,packets,nestlé gold frozen cake
789.0,GOD-CER-MEA-400GM,godiva,meat substitute,cereal,400 gm,GM,packets,godiva meat substitute
790.0,LIP-PRO-VEG-2LB,lipton,vegan spread,protein,2 lb,LB,packets,lipton vegan spread
791.0,TWI-BAK-PEA-500ML,twinings,peanut butter,baking,500 ml,ML,packets,twinings peanut butter
792.0,ORE-SOF-OAT-1LTR,oreo mini,oats,soft drink,1 ltr,LTR,packets,oreo mini oats
793.0,FAN-ORG-PRE-100GM,fanta,premium atta,organic,100 gm,GM,packets,fanta premium atta
794.0,MOU-IMP-CHA-200GM,mountain dew,chai latte,imported,200 gm,GM,packets,mountain dew chai latte
795.0,RED-SPE-FRE-1KG,red bull,fresh cream,specialty,1 kg,KG,packets,red bull fresh cream
796.0,PIP-DAI-SOF-6PCS,pipers,soft drink,dairy,6 pcs,PCS,bottles,pipers soft drink
797.0,TIL-OIL-PRO-750ML,tilda,protein shake,oil,750 ml,ML,packets,tilda protein shake
798.0,HEE-SNA-CHO-300ML,heera,chocolate spread,snacks,300 ml,ML,packs,heera chocolate spread
799.0,LIN-SPI-WHO-400GM,lindt,whole wheat flour,spices,400 gm,GM,packets,lindt whole wheat flour
800.0,SMU-BEV-KIW-2LB,smucker's,kiwi juice,beverage,2 lb,LB,bottles,smucker's kiwi juice
801.0,HEL-FRO-ALM-500ML,hellmann's,almond milk,frozen,500 ml,ML,packets,hellmann's almond milk
802.0,ELP-CON-SOY-1LTR,el paso,soy milk,condiments,1 ltr,LTR,packets,el paso soy milk
803.0,SNY-SAU-COC-100GM,snyder's,coconut cream,sauces,100 gm,GM,packets,snyder's coconut cream
804.0,TRO-CER-CHI-200GM,tropolite,chicken wings,cereal,200 gm,GM,packets,tropolite chicken wings
805.0,SWE-PRO-OLI-1KG,sweet'n low,olive tapenade,protein,1 kg,KG,packets,sweet'n low olive tapenade
806.0,BET-BAK-PAS-6PCS,bettys,pasta sauce,baking,6 pcs,PCS,packets,bettys pasta sauce
807.0,NAN-SOF-RIC-750ML,nando's,rice crackers,soft drink,750 ml,ML,bags,nando's rice crackers
808.0,MCC-ORG-HAZ-300ML,mccafe,hazelnut spread,organic,300 ml,ML,packets,mccafe hazelnut spread
809.0,FOL-IMP-PRE-400GM,folgers,premium tea,imported,400 gm,GM,packets,folgers premium tea
810.0,HÄA-SPE-GRE-2LB,häagen-dazs,green tea,specialty,2 lb,LB,packets,häagen-dazs green tea
811.0,DRO-DAI-MIN-500ML,dr. oetker,mini biscuits,dairy,500 ml,ML,packs,dr. oetker mini biscuits
812.0,PLA-OIL-ORA-1LTR,planet oat,orange soda,oil,1 ltr,LTR,packets,planet oat orange soda
813.0,BEY-SNA-ENE-100GM,beyond meat,energy drink,snacks,100 gm,GM,packets,beyond meat energy drink
814.0,JUS-SPI-GOU-200GM,just mayo,gourmet crisps,spices,200 gm,GM,packets,just mayo gourmet crisps
815.0,JIF-BEV-JAS-1KG,jif,jasmine rice,beverage,1 kg,KG,bags,jif jasmine rice
816.0,BOB-FRO-WHO-6PCS,bob's red mill,whole spices,frozen,6 pcs,PCS,packets,bob's red mill whole spices
817.0,ANN-CON-DAR-750ML,annapurna,dark chocolate,condiments,750 ml,ML,packs,annapurna dark chocolate
818.0,TET-SAU-FRU-300ML,tetley,fruit jam,sauces,300 ml,ML,jars,tetley fruit jam
819.0,RED-CER-MAY-400GM,red cow,mayonnaise,cereal,400 gm,GM,packets,red cow mayonnaise
820.0,DRP-PRO-TOR-2LB,dr pepper,tortilla chips,protein,2 lb,LB,packets,dr pepper tortilla chips
821.0,SUN-BAK-PRE-500ML,sunfeast gold,pretzel sticks,baking,500 ml,ML,packets,sunfeast gold pretzel sticks
822.0,SUN-SOF-WHI-1LTR,sun orchard,whipping cream,soft drink,1 ltr,LTR,packets,sun orchard whipping cream
823.0,BAR-ORG-SUG-100G,barbican,sugar substitute,organic,100 g,GM,packets,barbican sugar substitute
824.0,HAR-IMP-ICI-200G,haribo,icing sugar,imported,200 g,GM,packets,haribo icing sugar
825.0,PIL-SPE-PER-1KG,pillsbury dough,peri peri sauce,specialty,1 kg,KG,packets,pillsbury dough peri peri sauce
826.0,STO-DAI-COL-6PCS,stonyfield,cold brew coffee,dairy,6 pcs,PCS,jars,stonyfield cold brew coffee
827.0,SAR-OIL-GRE-750ML,sargento,greek yogurt,oil,750 ml,ML,packets,sargento greek yogurt
828.0,IDF-SNA-FRO-300ML,id fresh,frozen cake,snacks,300 ml,ML,packets,id fresh frozen cake
829.0,ORG-SPI-MEA-400GM,organic valley,meat substitute,spices,400 gm,GM,packets,organic valley meat substitute
830.0,ANA-BEV-VEG-2LB,ananda,vegan spread,beverage,2 lb,LB,packets,ananda vegan spread
831.0,SEA-FRO-PEA-500ML,seara,peanut butter,frozen,500 ml,ML,packets,seara peanut butter
832.0,REA-CON-OAT-1LTR,real thai,oats,condiments,1 ltr,LTR,packets,real thai oats
833.0,BAR-SAU-PRE-100GM,barilla,premium atta,sauces,100 gm,GM,packets,barilla premium atta
834.0,BLU-CER-CHA-200GM,blue diamond,chai latte,cereal,200 gm,GM,packets,blue diamond chai latte
835.0,NAT-PRO-FRE-1KG,nature valley,fresh cream,protein,1 kg,KG,packets,nature valley fresh cream
836.0,FER-BAK-SOF-6PCS,ferrero,soft drink,baking,6 pcs,PCS,bottles,ferrero soft drink
837.0,NES-SOF-PRO-750ML,nestlé gold,protein shake,soft drink,750 ml,ML,packets,nestlé gold protein shake
838.0,GOD-ORG-CHO-300ML,godiva,chocolate spread,organic,300 ml,ML,packs,godiva chocolate spread
839.0,LIP-IMP-WHO-400GM,lipton,whole wheat flour,imported,400 gm,GM,packets,lipton whole wheat flour
840.0,TWI-SPE-KIW-2LB,twinings,kiwi juice,specialty,2 lb,LB,bottles,twinings kiwi juice
841.0,ORE-DAI-ALM-500ML,oreo mini,almond milk,dairy,500 ml,ML,packets,oreo mini almond milk
842.0,FAN-OIL-SOY-1LTR,fanta,soy milk,oil,1 ltr,LTR,packets,fanta soy milk
843.0,MOU-SNA-COC-100GM,mountain dew,coconut cream,snacks,100 gm,GM,packets,mountain dew coconut cream
844.0,RED-SPI-CHI-200GM,red bull,chicken wings,spices,200 gm,GM,packets,red bull chicken wings
845.0,PIP-BEV-OLI-1KG,pipers,olive tapenade,beverage,1 kg,KG,packets,pipers olive tapenade
846.0,TIL-FRO-PAS-6PCS,tilda,pasta sauce,frozen,6 pcs,PCS,packets,tilda pasta sauce
847.0,HEE-CON-RIC-750ML,heera,rice crackers,condiments,750 ml,ML,bags,heera rice crackers
848.0,LIN-SAU-HAZ-300ML,lindt,hazelnut spread,sauces,300 ml,ML,packets,lindt hazelnut spread
849.0,SMU-CER-PRE-400GM,smucker's,premium tea,cereal,400 gm,GM,packets,smucker's premium tea
850.0,HEL-PRO-GRE-2LB,hellmann's,green tea,protein,2 lb,LB,packets,hellmann's green tea
851.0,ELP-BAK-MIN-500ML,el paso,mini biscuits,baking,500 ml,ML,packs,el paso mini biscuits
852.0,SNY-SOF-ORA-1LTR,snyder's,orange soda,soft drink,1 ltr,LTR,packets,snyder's orange soda
853.0,TRO-ORG-ENE-100GM,tropolite,energy drink,organic,100 gm,GM,packets,tropolite energy drink
854.0,SWE-IMP-GOU-200GM,sweet'n low,gourmet crisps,imported,200 gm,GM,packets,sweet'n low gourmet crisps
855.0,BET-SPE-JAS-1KG,bettys,jasmine rice,specialty,1 kg,KG,bags,bettys jasmine rice
856.0,NAN-DAI-WHO-6PCS,nando's,whole spices,dairy,6 pcs,PCS,packets,nando's whole spices
857.0,MCC-OIL-DAR-750ML,mccafe,dark chocolate,oil,750 ml,ML,packs,mccafe dark chocolate
858.0,FOL-SNA-FRU-300ML,folgers,fruit jam,snacks,300 ml,ML,jars,folgers fruit jam
859.0,HÄA-SPI-MAY-400GM,häagen-dazs,mayonnaise,spices,400 gm,GM,packets,häagen-dazs mayonnaise
860.0,DRO-BEV-TOR-2LB,dr. oetker,tortilla chips,beverage,2 lb,LB,packets,dr. oetker tortilla chips
861.0,PLA-FRO-PRE-500ML,planet oat,pretzel sticks,frozen,500 ml,ML,packets,planet oat pretzel sticks
862.0,BEY-CON-WHI-1LTR,beyond meat,whipping cream,condiments,1 ltr,LTR,packets,beyond meat whipping cream
863.0,JUS-SAU-SUG-100GM,just mayo,sugar substitute,sauces,100 gm,GM,packets,just mayo sugar substitute
864.0,JIF-CER-ICI-200G,jif,icing sugar,cereal,200 gm,GM,packets,jif icing sugar
865.0,BOB-PRO-PER-1KG,bob's red mill,peri peri sauce,protein,1 kg,KG,packets,bob's red mill peri peri sauce
866.0,ANN-BAK-COL-6PCS,annapurna,cold brew coffee,baking,6 pcs,PCS,jars,annapurna cold brew coffee
867.0,TET-SOF-GRE-750ML,tetley,greek yogurt,soft drink,750 ml,ML,packets,tetley greek yogurt
868.0,RED-ORG-FRO-300ML,red cow,frozen cake,organic,300 ml,ML,packets,red cow frozen cake
869.0,DRP-IMP-MEA-400GM,dr pepper,meat substitute,imported,400 gm,GM,packets,dr pepper meat substitute
870.0,SUN-SPE-VEG-2LB,sunfeast gold,vegan spread,specialty,2 lb,LB,packets,sunfeast gold vegan spread
871.0,SUN-DAI-PEA-500ML,sun orchard,peanut butter,dairy,500 ml,ML,packets,sun orchard peanut butter
872.0,BAR-OIL-OAT-1LTR,barbican,oats,oil,1 ltr,LTR,packets,barbican oats
873.0,HAR-SNA-PRE-100GM,haribo,premium atta,snacks,100 gm,GM,packets,haribo premium atta
874.0,PIL-SPI-CHA-200GM,pillsbury dough,chai latte,spices,200 gm,GM,packets,pillsbury dough chai latte
875.0,STO-BEV-FRE-1KG,stonyfield,fresh cream,beverage,1 kg,KG,packets,stonyfield fresh cream
876.0,SAR-FRO-SOF-6PCS,sargento,soft drink,frozen,6 pcs,PCS,bottles,sargento soft drink
877.0,IDF-CON-PRO-750ML,id fresh,protein shake,condiments,750 ml,ML,packets,id fresh protein shake
878.0,ORG-SAU-CHO-300ML,organic valley,chocolate spread,sauces,300 ml,ML,packs,organic valley chocolate spread
879.0,ANA-CER-WHO-400GM,ananda,whole wheat flour,cereal,400 gm,GM,packets,ananda whole wheat flour
880.0,SEA-PRO-KIW-2LB,seara,kiwi juice,protein,2 lb,LB,bottles,seara kiwi juice
881.0,REA-BAK-ALM-500ML,real thai,almond milk,baking,500 ml,ML,packets,real thai almond milk
882.0,BAR-SOF-SOY-1LTR,barilla,soy milk,soft drink,1 ltr,LTR,packets,barilla soy milk
883.0,BLU-ORG-COC-100GM,blue diamond,coconut cream,organic,100 gm,GM,packets,blue diamond coconut cream
884.0,NAT-IMP-CHI-200GM,nature valley,chicken wings,imported,200 gm,GM,packets,nature valley chicken wings
885.0,FER-SPE-OLI-1KG,ferrero,olive tapenade,specialty,1 kg,KG,packets,ferrero olive tapenade
886.0,NES-DAI-PAS-6PCS,nestlé gold,pasta sauce,dairy,6 pcs,PCS,packets,nestlé gold pasta sauce
887.0,GOD-OIL-RIC-750ML,godiva,rice crackers,oil,750 ml,ML,bags,godiva rice crackers
888.0,LIP-SNA-HAZ-300ML,lipton,hazelnut spread,snacks,300 ml,ML,packets,lipton hazelnut spread
889.0,TWI-SPI-PRE-400GM,twinings,premium tea,spices,400 gm,GM,packets,twinings premium tea
890.0,ORE-BEV-GRE-2LB,oreo mini,green tea,beverage,2 lb,LB,packets,oreo mini green tea
891.0,FAN-FRO-MIN-500ML,fanta,mini biscuits,frozen,500 ml,ML,packs,fanta mini biscuits
892.0,MOU-CON-ORA-1LTR,mountain dew,orange soda,condiments,1 ltr,LTR,packets,mountain dew orange soda
893.0,RED-SAU-ENE-100GM,red bull,energy drink,sauces,100 gm,GM,packets,red bull energy drink
894.0,PIP-CER-GOU-200GM,pipers,gourmet crisps,cereal,200 gm,GM,packets,pipers gourmet crisps
895.0,TIL-PRO-JAS-1KG,tilda,jasmine rice,protein,1 kg,KG,bags,tilda jasmine rice
896.0,HEE-BAK-WHO-6PCS,heera,whole spices,baking,6 pcs,PCS,packets,heera whole spices
897.0,LIN-SOF-DAR-750ML,lindt,dark chocolate,soft drink,750 ml,ML,packs,lindt dark chocolate
898.0,SMU-ORG-FRU-300ML,smucker's,fruit jam,organic,300 ml,ML,jars,smucker's fruit jam
899.0,HEL-IMP-MAY-400GM,hellmann's,mayonnaise,imported,400 gm,GM,packets,hellmann's mayonnaise
900.0,ELP-SPE-TOR-2LB,el paso,tortilla chips,specialty,2 lb,LB,packets,el paso tortilla chips
901.0,SNY-DAI-PRE-500ML,snyder's,pretzel sticks,dairy,500 ml,ML,packets,snyder's pretzel sticks
902.0,TRO-OIL-WHI-1LTR,tropolite,whipping cream,oil,1 ltr,LTR,packets,tropolite whipping cream
903.0,SWE-SNA-SUG-100GM,sweet'n low,sugar substitute,snacks,100 gm,GM,packets,sweet'n low sugar substitute
904.0,BET-SPI-ICI-200GM,bettys,icing sugar,spices,200 gm,GM,packets,bettys icing sugar
905.0,NAN-BEV-PER-1KG,nando's,peri peri sauce,beverage,1 kg,KG,packets,nando's peri peri sauce
906.0,MCC-FRO-COL-6PCS,mccafe,cold brew coffee,frozen,6 pcs,PCS,jars,mccafe cold brew coffee
907.0,FOL-CON-GRE-750ML,folgers,greek yogurt,condiments,750 ml,ML,packets,folgers greek yogurt
908.0,HÄA-SAU-FRO-300ML,häagen-dazs,frozen cake,sauces,300 ml,ML,packets,häagen-dazs frozen cake
909.0,DRO-CER-MEA-400GM,dr. oetker,meat substitute,cereal,400 gm,GM,packets,dr. oetker meat substitute
910.0,PLA-PRO-VEG-2LB,planet oat,vegan spread,protein,2 lb,LB,packets,planet oat vegan spread
911.0,BEY-BAK-PEA-500ML,beyond meat,peanut butter,baking,500 ml,ML,packets,beyond meat peanut butter
912.0,JUS-SOF-OAT-1LTR,just mayo,oats,soft drink,1 ltr,LTR,packets,just mayo oats
913.0,JIF-ORG-PRE-100GM,jif,premium atta,organic,100 gm,GM,packets,jif premium atta
914.0,BOB-IMP-CHA-200GM,bob's red mill,chai latte,imported,200 gm,GM,packets,bob's red mill chai latte
915.0,ANN-SPE-FRE-1KG,annapurna,fresh cream,specialty,1 kg,KG,packets,annapurna fresh cream
916.0,TET-DAI-SOF-6PCS,tetley,soft drink,dairy,6 pcs,PCS,bottles,tetley soft drink
917.0,RED-OIL-PRO-750ML,red cow,protein shake,oil,750 ml,ML,packets,red cow protein shake
918.0,DRP-SNA-CHO-300ML,dr pepper,chocolate spread,snacks,300 ml,ML,packs,dr pepper chocolate spread
919.0,SUN-SPI-WHO-400GM,sunfeast gold,whole wheat flour,spices,400 gm,GM,packets,sunfeast gold whole wheat flour
920.0,SUN-BEV-KIW-2LB,sun orchard,kiwi juice,beverage,2 lb,LB,bottles,sun orchard kiwi juice
921.0,BAR-FRO-ALM-500ML,barbican,almond milk,frozen,500 ml,ML,packets,barbican almond milk
922.0,HAR-CON-SOY-1LTR,haribo,soy milk,condiments,1 ltr,LTR,packets,haribo soy milk
923.0,PIL-SAU-COC-100GM,pillsbury dough,coconut cream,sauces,100 gm,GM,packets,pillsbury dough coconut cream
924.0,STO-CER-CHI-200GM,stonyfield,chicken wings,cereal,200 gm,GM,packets,stonyfield chicken wings
925.0,SAR-PRO-OLI-1KG,sargento,olive tapenade,protein,1 kg,KG,packets,sargento olive tapenade
926.0,IDF-BAK-PAS-6PCS,id fresh,pasta sauce,baking,6 pcs,PCS,packets,id fresh pasta sauce
927.0,ORG-SOF-RIC-750ML,organic valley,rice crackers,soft drink,750 ml,ML,bags,organic valley rice crackers
928.0,ANA-ORG-HAZ-300ML,ananda,hazelnut spread,organic,300 ml,ML,packets,ananda hazelnut spread
929.0,SEA-IMP-PRE-400GM,seara,premium tea,imported,400 gm,GM,packets,seara premium tea
930.0,REA-SPE-GRE-2LB,real thai,green tea,specialty,2 lb,LB,packets,real thai green tea
931.0,BAR-DAI-MIN-500ML,barilla,mini biscuits,dairy,500 ml,ML,packs,barilla mini biscuits
932.0,BLU-OIL-ORA-1LTR,blue diamond,orange soda,oil,1 ltr,LTR,packets,blue diamond orange soda
933.0,NAT-SNA-ENE-100GM,nature valley,energy drink,snacks,100 gm,GM,packets,nature valley energy drink
934.0,FER-SPI-GOU-200GM,ferrero,gourmet crisps,spices,200 gm,GM,packets,ferrero gourmet crisps
935.0,NES-BEV-JAS-1KG,nestlé gold,jasmine rice,beverage,1 kg,KG,bags,nestlé gold jasmine rice
936.0,GOD-FRO-WHO-6PCS,godiva,whole spices,frozen,6 pcs,PCS,packets,godiva whole spices
937.0,LIP-CON-DAR-750ML,lipton,dark chocolate,condiments,750 ml,ML,packs,lipton dark chocolate
938.0,TWI-SAU-FRU-300ML,twinings,fruit jam,sauces,300 ml,ML,jars,twinings fruit jam
939.0,ORE-CER-MAY-400GM,oreo mini,mayonnaise,cereal,400 gm,GM,packets,oreo mini mayonnaise
940.0,FAN-PRO-TOR-2LB,fanta,tortilla chips,protein,2 lb,LB,packets,fanta tortilla chips
941.0,MOU-BAK-PRE-500ML,mountain dew,pretzel sticks,baking,500 ml,ML,packets,mountain dew pretzel sticks
942.0,RED-SOF-WHI-1LTR,red bull,whipping cream,soft drink,1 ltr,LTR,packets,red bull whipping cream
943.0,PIP-ORG-SUG-100GM,pipers,sugar substitute,organic,100 gm,GM,packets,pipers sugar substitute
944.0,TIL-IMP-ICI-200GM,tilda,icing sugar,imported,200 gm,GM,packets,tilda icing sugar
945.0,HEE-SPE-PER-1KG,heera,peri peri sauce,specialty,1 kg,KG,packets,heera peri peri sauce
946.0,LIN-DAI-COL-6PCS,lindt,cold brew coffee,dairy,6 pcs,PCS,jars,lindt cold brew coffee
947.0,SMU-OIL-GRE-750ML,smucker's,greek yogurt,oil,750 ml,ML,packets,smucker's greek yogurt
948.0,HEL-SNA-FRO-300ML,hellmann's,frozen cake,snacks,300 ml,ML,packets,hellmann's frozen cake
949.0,ELP-SPI-MEA-400GM,el paso,meat substitute,spices,400 gm,GM,packets,el paso meat substitute
950.0,SNY-BEV-VEG-2LB,snyder's,vegan spread,beverage,2 lb,LB,packets,snyder's vegan spread
951.0,TRO-FRO-PEA-500ML,tropolite,peanut butter,frozen,500 ml,ML,packets,tropolite peanut butter
952.0,SWE-CON-OAT-1LTR,sweet'n low,oats,condiments,1 ltr,LTR,packets,sweet'n low oats
953.0,BET-SAU-PRE-100GM,bettys,premium atta,sauces,100 gm,GM,packets,bettys premium atta
954.0,NAN-CER-CHA-200GM,nando's,chai latte,cereal,200 gm,GM,packets,nando's chai latte
955.0,MCC-PRO-FRE-1KG,mccafe,fresh cream,protein,1 kg,KG,packets,mccafe fresh cream
956.0,FOL-BAK-SOF-6PCS,folgers,soft drink,baking,6 pcs,PCS,bottles,folgers soft drink
957.0,HÄA-SOF-PRO-750ML,häagen-dazs,protein shake,soft drink,750 ml,ML,packets,häagen-dazs protein shake
958.0,DRO-ORG-CHO-300ML,dr. oetker,chocolate spread,organic,300 ml,ML,packs,dr. oetker chocolate spread
959.0,PLA-IMP-WHO-400GM,planet oat,whole wheat flour,imported,400 gm,GM,packets,planet oat whole wheat flour
960.0,BEY-SPE-KIW-2LB,beyond meat,kiwi juice,specialty,2 lb,LB,bottles,beyond meat kiwi juice
961.0,JUS-DAI-ALM-500ML,just mayo,almond milk,dairy,500 ml,ML,packets,just mayo almond milk
962.0,JIF-OIL-SOY-1LTR,jif,soy milk,oil,1 ltr,LTR,packets,jif soy milk
963.0,BOB-SNA-COC-100GM,bob's red mill,coconut cream,snacks,100 gm,GM,packets,bob's red mill coconut cream
964.0,ANN-SPI-CHI-200GM,annapurna,chicken wings,spices,200 gm,GM,packets,annapurna chicken wings
965.0,TET-BEV-OLI-1KG,tetley,olive tapenade,beverage,1 kg,KG,packets,tetley olive tapenade
966.0,RED-FRO-PAS-6PCS,red cow,pasta sauce,frozen,6 pcs,PCS,packets,red cow pasta sauce
967.0,DRP-CON-RIC-750ML,dr pepper,rice crackers,condiments,750 ml,ML,bags,dr pepper rice crackers
968.0,SUN-SAU-HAZ-300ML,sunfeast gold,hazelnut spread,sauces,300 ml,ML,packets,sunfeast gold hazelnut spread
969.0,SUN-CER-PRE-400GM,sun orchard,premium tea,cereal,400 gm,GM,packets,sun orchard premium tea
970.0,BAR-PRO-GRE-2LB,barbican,green tea,protein,2 lb,LB,packets,barbican green tea
971.0,HAR-BAK-MIN-500ML,haribo,mini biscuits,baking,500 ml,ML,packs,haribo mini biscuits
972.0,PIL-SOF-ORA-1LTR,pillsbury dough,orange soda,soft drink,1 ltr,LTR,packets,pillsbury dough orange soda
973.0,STO-ORG-ENE-100GM,stonyfield,energy drink,organic,100 gm,GM,packets,stonyfield energy drink
974.0,SAR-IMP-GOU-200GM,sargento,gourmet crisps,imported,200 gm,GM,packets,sargento gourmet crisps
975.0,IDF-SPE-JAS-1KG,id fresh,jasmine rice,specialty,1 kg,KG,bags,id fresh jasmine rice
976.0,ORG-DAI-WHO-6PCS,organic valley,whole spices,dairy,6 pcs,PCS,packets,organic valley whole spices
977.0,ANA-OIL-DAR-750ML,ananda,dark chocolate,oil,750 ml,ML,packs,ananda dark chocolate
978.0,SEA-SNA-FRU-300ML,seara,fruit jam,snacks,300 ml,ML,jars,seara fruit jam
979.0,REA-SPI-MAY-400GM,real thai,mayonnaise,spices,400 gm,GM,packets,real thai mayonnaise
980.0,BAR-BEV-TOR-2LB,barilla,tortilla chips,beverage,2 lb,LB,packets,barilla tortilla chips
981.0,BLU-FRO-PRE-500ML,blue diamond,pretzel sticks,frozen,500 ml,ML,packets,blue diamond pretzel sticks
982.0,NAT-CON-WHI-1LTR,nature valley,whipping cream,condiments,1 ltr,LTR,packets,nature valley whipping cream
983.0,FER-SAU-SUG-100GM,ferrero,sugar substitute,sauces,100 gm,GM,packets,ferrero sugar substitute
984.0,NES-CER-ICI-200GM,nestlé gold,icing sugar,cereal,200 gm,GM,packets,nestlé gold icing sugar
985.0,GOD-PRO-PER-1KG,godiva,peri peri sauce,protein,1 kg,KG,packets,godiva peri peri sauce
986.0,LIP-BAK-COL-6PCS,lipton,cold brew coffee,baking,6 pcs,PCS,jars,lipton cold brew coffee
987.0,TWI-SOF-GRE-750ML,twinings,greek yogurt,soft drink,750 ml,ML,packets,twinings greek yogurt
988.0,ORE-ORG-FRO-300ML,oreo mini,frozen cake,organic,300 ml,ML,packets,oreo mini frozen cake
989.0,FAN-IMP-MEA-400GM,fanta,meat substitute,imported,400 gm,GM,packets,fanta meat substitute
990.0,MOU-SPE-VEG-2LB,mountain dew,vegan spread,specialty,2 lb,LB,packets,mountain dew vegan spread
991.0,RED-DAI-PEA-500ML,red bull,peanut butter,dairy,500 ml,ML,packets,red bull peanut butter
992.0,PIP-OIL-OAT-1LTR,pipers,oats,oil,1 ltr,LTR,packets,pipers oats
993.0,TIL-SNA-PRE-100GM,tilda,premium atta,snacks,100 gm,GM,packets,tilda premium atta
994.0,HEE-SPI-CHA-200GM,heera,chai latte,spices,200 gm,GM,packets,heera chai latte
995.0,LIN-BEV-FRE-1KG,lindt,fresh cream,beverage,1 kg,KG,packets,lindt fresh cream
996.0,SMU-FRO-SOF-6PCS,smucker's,soft drink,frozen,6 pcs,PCS,bottles,smucker's soft drink
997.0,HEL-CON-PRO-750ML,hellmann's,protein shake,condiments,750 ml,ML,packets,hellmann's protein shake
998.0,ELP-SAU-CHO-300ML,el paso,chocolate spread,sauces,300 ml,ML,packs,el paso chocolate spread
999.0,SNY-CER-WHO-400GM,snyder's,whole wheat flour,cereal,400 gm,GM,packets,snyder's whole wheat flour
1000.0,TRO-PRO-KIW-2LB,tropolite,kiwi juice,protein,2 lb,LB,bottles,tropolite kiwi juice
1001.0,SWE-BAK-ALM-500ML,sweet'n low,almond milk,baking,500 ml,ML,packets,sweet'n low almond milk
1002.0,BET-SOF-SOY-1LTR,bettys,soy milk,soft drink,1 ltr,LTR,packets,bettys soy milk
1003.0,NAN-ORG-COC-100GM,nando's,coconut cream,organic,100 gm,GM,packets,nando's coconut cream
1004.0,MCC-IMP-CHI-200GM,mccafe,chicken wings,imported,200 gm,GM,packets,mccafe chicken wings
1005.0,FOL-SPE-OLI-1KG,folgers,olive tapenade,specialty,1 kg,KG,packets,folgers olive tapenade
1006.0,HÄA-DAI-PAS-6PCS,häagen-dazs,pasta sauce,dairy,6 pcs,PCS,packets,häagen-dazs pasta sauce
1007.0,DRO-OIL-RIC-750ML,dr. oetker,rice crackers,oil,750 ml,ML,bags,dr. oetker rice crackers
1008.0,PLA-SNA-HAZ-300ML,planet oat,hazelnut spread,snacks,300 ml,ML,packets,planet oat hazelnut spread
1009.0,BEY-SPI-PRE-400GM,beyond meat,premium tea,spices,400 gm,GM,packets,beyond meat premium tea
1010.0,JUS-BEV-GRE-2LB,just mayo,green tea,beverage,2 lb,LB,packets,just mayo green tea
1011.0,JIF-FRO-MIN-500ML,jif,mini biscuits,frozen,500 ml,ML,packs,jif mini biscuits
1012.0,BOB-CON-ORA-1LTR,bob's red mill,orange soda,condiments,1 ltr,LTR,packets,bob's red mill orange soda
1013.0,ANN-SAU-ENE-100GM,annapurna,energy drink,sauces,100 gm,GM,packets,annapurna energy drink
1014.0,TET-CER-GOU-200GM,tetley,gourmet crisps,cereal,200 gm,GM,packets,tetley gourmet crisps
1015.0,RED-PRO-JAS-1KG,red cow,jasmine rice,protein,1 kg,KG,bags,red cow jasmine rice
1016.0,DRP-BAK-WHO-6PCS,dr pepper,whole spices,baking,6 pcs,PCS,packets,dr pepper whole spices
1017.0,SUN-SOF-DAR-750ML,sunfeast gold,dark chocolate,soft drink,750 ml,ML,packs,sunfeast gold dark chocolate
1018.0,SUN-ORG-FRU-300ML,sun orchard,fruit jam,organic,300 ml,ML,jars,sun orchard fruit jam
1019.0,BAR-IMP-MAY-400GM,barbican,mayonnaise,imported,400 gm,GM,packets,barbican mayonnaise
1020.0,HAR-SPE-TOR-2LB,haribo,tortilla chips,specialty,2 lb,LB,packets,haribo tortilla chips
1021.0,PIL-DAI-PRE-500ML,pillsbury dough,pretzel sticks,dairy,500 ml,ML,packets,pillsbury dough pretzel sticks
1022.0,STO-OIL-WHI-1LTR,stonyfield,whipping cream,oil,1 ltr,LTR,packets,stonyfield whipping cream
1023.0,SAR-SNA-SUG-100GM,sargento,sugar substitute,snacks,100 gm,GM,packets,sargento sugar substitute
1024.0,IDF-SPI-ICI-200GM,id fresh,icing sugar,spices,200 gm,GM,packets,id fresh icing sugar
1025.0,ORG-BEV-PER-1KG,organic valley,peri peri sauce,beverage,1 kg,KG,packets,organic valley peri peri sauce
1026.0,ANA-FRO-COL-6PCS,ananda,cold brew coffee,frozen,6 pcs,PCS,jars,ananda cold brew coffee
1027.0,SEA-CON-GRE-750ML,seara,greek yogurt,condiments,750 ml,ML,packets,seara greek yogurt
1028.0,REA-SAU-FRO-300ML,real thai,frozen cake,sauces,300 ml,ML,packets,real thai frozen cake
1029.0,BAR-CER-MEA-400GM,barilla,meat substitute,cereal,400 gm,GM,packets,barilla meat substitute
1030.0,BLU-PRO-VEG-2LB,blue diamond,vegan spread,protein,2 lb,LB,packets,blue diamond vegan spread
1031.0,NAT-BAK-PEA-500ML,nature valley,peanut butter,baking,500 ml,ML,packets,nature valley peanut butter
1032.0,FER-SOF-OAT-1LTR,ferrero,oats,soft drink,1 ltr,LTR,packets,ferrero oats
1033.0,NES-ORG-PRE-100GM,nestlé gold,premium atta,organic,100 gm,GM,packets,nestlé gold premium atta
1034.0,GOD-IMP-CHA-200GM,godiva,chai latte,imported,200 gm,GM,packets,godiva chai latte
1035.0,LIP-SPE-FRE-1KG,lipton,fresh cream,specialty,1 kg,KG,packets,lipton fresh cream
1036.0,TWI-DAI-SOF-6PCS,twinings,soft drink,dairy,6 pcs,PCS,bottles,twinings soft drink
1037.0,ORE-OIL-PRO-750ML,oreo mini,protein shake,oil,750 ml,ML,packets,oreo mini protein shake
1038.0,FAN-SNA-CHO-300ML,fanta,chocolate spread,snacks,300 ml,ML,packs,fanta chocolate spread
1039.0,MOU-SPI-WHO-400GM,mountain dew,whole wheat flour,spices,400 gm,GM,packets,mountain dew whole wheat flour
1040.0,RED-BEV-KIW-2LB,red bull,kiwi juice,beverage,2 lb,LB,bottles,red bull kiwi juice
1041.0,PIP-FRO-ALM-500ML,pipers,almond milk,frozen,500 ml,ML,packets,pipers almond milk
1042.0,TIL-CON-SOY-1LTR,tilda,soy milk,condiments,1 ltr,LTR,packets,tilda soy milk
1043.0,HEE-SAU-COC-100GM,heera,coconut cream,sauces,100 gm,GM,packets,heera coconut cream
1044.0,LIN-CER-CHI-200GM,lindt,chicken wings,cereal,200 gm,GM,packets,lindt chicken wings
1045.0,SMU-PRO-OLI-1KG,smucker's,olive tapenade,protein,1 kg,KG,packets,smucker's olive tapenade
1046.0,HEL-BAK-PAS-6PCS,hellmann's,pasta sauce,baking,6 pcs,PCS,packets,hellmann's pasta sauce
1047.0,ELP-SOF-RIC-750ML,el paso,rice crackers,soft drink,750 ml,ML,bags,el paso rice crackers
1048.0,SNY-ORG-HAZ-300ML,snyder's,hazelnut spread,organic,300 ml,ML,packets,snyder's hazelnut spread
1049.0,TRO-IMP-PRE-400GM,tropolite,premium tea,imported,400 gm,GM,packets,tropolite premium tea
1050.0,SWE-SPE-GRE-2LB,sweet'n low,green tea,specialty,2 lb,LB,packets,sweet'n low green tea
1051.0,BET-DAI-MIN-500ML,bettys,mini biscuits,dairy,500 ml,ML,packs,bettys mini biscuits
1052.0,NAN-OIL-ORA-1LTR,nando's,orange soda,oil,1 ltr,LTR,packets,nando's orange soda
1053.0,MCC-SNA-ENE-100GM,mccafe,energy drink,snacks,100 gm,GM,packets,mccafe energy drink
1054.0,FOL-SPI-GOU-200GM,folgers,gourmet crisps,spices,200 gm,GM,packets,folgers gourmet crisps
1055.0,HÄA-BEV-JAS-1KG,häagen-dazs,jasmine rice,beverage,1 kg,KG,bags,häagen-dazs jasmine rice
1056.0,DRO-FRO-WHO-6PCS,dr. oetker,whole spices,frozen,6 pcs,PCS,packets,dr. oetker whole spices
1057.0,PLA-CON-DAR-750ML,planet oat,dark chocolate,condiments,750 ml,ML,packs,planet oat dark chocolate
1058.0,BEY-SAU-FRU-300ML,beyond meat,fruit jam,sauces,300 ml,ML,jars,beyond meat fruit jam
1059.0,JUS-CER-MAY-400GM,just mayo,mayonnaise,cereal,400 gm,GM,packets,just mayo mayonnaise
1060.0,JIF-PRO-TOR-2LB,jif,tortilla chips,protein,2 lb,LB,packets,jif tortilla chips
1061.0,BOB-BAK-PRE-500ML,bob's red mill,pretzel sticks,baking,500 ml,ML,packets,bob's red mill pretzel sticks
1062.0,ANN-SOF-WHI-1LTR,annapurna,whipping cream,soft drink,1 ltr,LTR,packets,annapurna whipping cream
1063.0,TET-ORG-SUG-100GM,tetley,sugar substitute,organic,100 gm,GM,packets,tetley sugar substitute
1064.0,RED-IMP-ICI-200GM,red cow,icing sugar,imported,200 gm,GM,packets,red cow icing sugar
1065.0,DRP-SPE-PER-1KG,dr pepper,peri peri sauce,specialty,1 kg,KG,packets,dr pepper peri peri sauce
1066.0,SUN-DAI-COL-6PCS,sunfeast gold,cold brew coffee,dairy,6 pcs,PCS,jars,sunfeast gold cold brew coffee
1067.0,SUN-OIL-GRE-750ML,sun orchard,greek yogurt,oil,750 ml,ML,packets,sun orchard greek yogurt
1068.0,BAR-SNA-FRO-300ML,barbican,frozen cake,snacks,300 ml,ML,packets,barbican frozen cake
1069.0,HAR-SPI-MEA-400GM,haribo,meat substitute,spices,400 gm,GM,packets,haribo meat substitute
1070.0,PIL-BEV-VEG-2LB,pillsbury dough,vegan spread,beverage,2 lb,LB,packets,pillsbury dough vegan spread
1071.0,STO-FRO-PEA-500ML,stonyfield,peanut butter,frozen,500 ml,ML,packets,stonyfield peanut butter
1072.0,SAR-CON-OAT-1TR,sargento,oats,condiments,1 ltr,LTR,packets,sargento oats
1073.0,IDF-SAU-PRE-100GM,id fresh,premium atta,sauces,100 gm,GM,packets,id fresh premium atta
1074.0,ORG-CER-CHA-200GM,organic valley,chai latte,cereal,200 gm,GM,packets,organic valley chai latte
1075.0,ANA-PRO-FRE-1KG,ananda,fresh cream,protein,1 kg,KG,packets,ananda fresh cream
1076.0,SEA-BAK-SOF-6PCS,seara,soft drink,baking,6 pcs,PCS,bottles,seara soft drink
1077.0,REA-SOF-PRO-750ML,real thai,protein shake,soft drink,750 ml,ML,packets,real thai protein shake
1078.0,BAR-ORG-CHO-300ML,barilla,chocolate spread,organic,300 ml,ML,packs,barilla chocolate spread
1079.0,BLU-IMP-WHO-400GM,blue diamond,whole wheat flour,imported,400 gm,GM,packets,blue diamond whole wheat flour
1080.0,NAT-SPE-KIW-2LB,nature valley,kiwi juice,specialty,2 lb,LB,bottles,nature valley kiwi juice
1081.0,FER-DAI-ALM-500ML,ferrero,almond milk,dairy,500 ml,ML,packets,ferrero almond milk
1082.0,NES-OIL-SOY-1LTR,nestlé gold,soy milk,oil,1 ltr,LTR,packets,nestlé gold soy milk
1083.0,GOD-SNA-COC-100GM,godiva,coconut cream,snacks,100 gm,GM,packets,godiva coconut cream
1084.0,LIP-SPI-CHI-200GM,lipton,chicken wings,spices,200 gm,GM,packets,lipton chicken wings
1085.0,TWI-BEV-OLI-1KG,twinings,olive tapenade,beverage,1 kg,KG,packets,twinings olive tapenade
1086.0,ORE-FRO-PAS-6PCS,oreo mini,pasta sauce,frozen,6 pcs,PCS,packets,oreo mini pasta sauce
1087.0,FAN-CON-RIC-750ML,fanta,rice crackers,condiments,750 ml,ML,bags,fanta rice crackers
1088.0,MOU-SAU-HAZ-300ML,mountain dew,hazelnut spread,sauces,300 ml,ML,packets,mountain dew hazelnut spread
1089.0,RED-CER-PRE-400GM,red bull,premium tea,cereal,400 gm,GM,packets,red bull premium tea
1090.0,PIP-PRO-GRE-2LB,pipers,green tea,protein,2 lb,LB,packets,pipers green tea
1091.0,TIL-BAK-MIN-500ML,tilda,mini biscuits,baking,500 ml,ML,packs,tilda mini biscuits
1092.0,HEE-SOF-ORA-1LTR,heera,orange soda,soft drink,1 ltr,LTR,packets,heera orange soda
1093.0,LIN-ORG-ENE-100GM,lindt,energy drink,organic,100 gm,GM,packets,lindt energy drink
1094.0,SMU-IMP-GOU-200GM,smucker's,gourmet crisps,imported,200 gm,GM,packets,smucker's gourmet crisps
1095.0,HEL-SPE-JAS-1KG,hellmann's,jasmine rice,specialty,1 kg,KG,bags,hellmann's jasmine rice
1096.0,ELP-DAI-WHO-6PCS,el paso,whole spices,dairy,6 pcs,PCS,packets,el paso whole spices
1097.0,SNY-OIL-DAR-750ML,snyder's,dark chocolate,oil,750 ml,ML,packs,snyder's dark chocolate
1098.0,TRO-SNA-FRU-300ML,tropolite,fruit jam,snacks,300 ml,ML,jars,tropolite fruit jam
1099.0,SWE-SPI-MAY-400GM,sweet'n low,mayonnaise,spices,400 gm,GM,packets,sweet'n low mayonnaise
1100.0,BET-BEV-TOR-2LB,bettys,tortilla chips,beverage,2 lb,LB,packets,bettys tortilla chips
1101.0,NAN-FRO-PRE-500ML,nando's,pretzel sticks,frozen,500 ml,ML,packets,nando's pretzel sticks
1102.0,MCC-CON-WHI-1LTR,mccafe,whipping cream,condiments,1 ltr,LTR,packets,mccafe whipping cream
1103.0,FOL-SAU-SUG-100GM,folgers,sugar substitute,sauces,100 gm,GM,packets,folgers sugar substitute
1104.0,HÄA-CER-ICI-200GM,häagen-dazs,icing sugar,cereal,200 gm,GM,packets,häagen-dazs icing sugar
1105.0,DRO-PRO-PER-1KG,dr. oetker,peri peri sauce,protein,1 kg,KG,packets,dr. oetker peri peri sauce
1106.0,PLA-BAK-COL-6PCS,planet oat,cold brew coffee,baking,6 pcs,PCS,jars,planet oat cold brew coffee
1107.0,BEY-SOF-GRE-750ML,beyond meat,greek yogurt,soft drink,750 ml,ML,packets,beyond meat greek yogurt
1108.0,JUS-ORG-FRO-300ML,just mayo,frozen cake,organic,300 ml,ML,packets,just mayo frozen cake
1109.0,JIF-IMP-MEA-400GM,jif,meat substitute,imported,400 gm,GM,packets,jif meat substitute
1110.0,BOB-SPE-VEG-2LB,bob's red mill,vegan spread,specialty,2 lb,LB,packets,bob's red mill vegan spread
1111.0,ANN-DAI-PEA-500ML,annapurna,peanut butter,dairy,500 ml,ML,packets,annapurna peanut butter
1112.0,TET-OIL-OAT-10LTR,tetley,oats,oil,10 ltr,LTR,packets,tetley oats
1113.0,RED-SNA-PRE-100GM,red cow,premium atta,snacks,100 gm,GM,packets,red cow premium atta
1114.0,DRP-SPI-CHA-200GM,dr pepper,chai latte,spices,200 gm,GM,packets,dr pepper chai latte
1115.0,SUN-BEV-FRE-1KG,sunfeast gold,fresh cream,beverage,1 kg,KG,packets,sunfeast gold fresh cream
1116.0,SUN-FRO-SOF-6PCS,sun orchard,soft drink,frozen,6 pcs,PCS,bottles,sun orchard soft drink
1117.0,BAR-CON-PRO-750ML,barbican,protein shake,condiments,750 ml,ML,packets,barbican protein shake
1118.0,HAR-SAU-CHO-300ML,haribo,chocolate spread,sauces,300 ml,ML,packs,haribo chocolate spread
1119.0,PIL-CER-WHO-400GM,pillsbury dough,whole wheat flour,cereal,400 gm,GM,packets,pillsbury dough whole wheat flour
1120.0,STO-PRO-KIW-2LB,stonyfield,kiwi juice,protein,2 lb,LB,bottles,stonyfield kiwi juice
1121.0,SAR-BAK-ALM-500ML,sargento,almond milk,baking,500 ml,ML,packets,sargento almond milk
1122.0,IDF-SOF-SOY-1LTR,id fresh,soy milk,soft drink,1 ltr,LTR,packets,id fresh soy milk
1123.0,ORG-ORG-COC-100GM,organic valley,coconut cream,organic,100 gm,GM,packets,organic valley coconut cream
1124.0,ANA-IMP-CHI-200GM,ananda,chicken wings,imported,200 gm,GM,packets,ananda chicken wings
1125.0,SEA-SPE-OLI-1KG,seara,olive tapenade,specialty,1 kg,KG,packets,seara olive tapenade
1126.0,REA-DAI-PAS-6PCS,real thai,pasta sauce,dairy,6 pcs,PCS,packets,real thai pasta sauce
1127.0,BAR-OIL-RIC-750ML,barilla,rice crackers,oil,750 ml,ML,bags,barilla rice crackers
1128.0,BLU-SNA-HAZ-300ML,blue diamond,hazelnut spread,snacks,300 ml,ML,packets,blue diamond hazelnut spread
1129.0,NAT-SPI-PRE-400GM,nature valley,premium tea,spices,400 gm,GM,packets,nature valley premium tea
1130.0,FER-BEV-GRE-2LB,ferrero,green tea,beverage,2 lb,LB,packets,ferrero green tea
1131.0,NES-FRO-MIN-500ML,nestlé gold,mini biscuits,frozen,500 ml,ML,packs,nestlé gold mini biscuits
1132.0,GOD-CON-ORA-1LTR,godiva,orange soda,condiments,1 ltr,LTR,packets,godiva orange soda
1133.0,LIP-SAU-ENE-100GM,lipton,energy drink,sauces,100 gm,GM,packets,lipton energy drink
1134.0,TWI-CER-GOU-200GM,twinings,gourmet crisps,cereal,200 gm,GM,packets,twinings gourmet crisps
1135.0,ORE-PRO-JAS-1KG,oreo mini,jasmine rice,protein,1 kg,KG,bags,oreo mini jasmine rice
1136.0,FAN-BAK-WHO-6PCS,fanta,whole spices,baking,6 pcs,PCS,packets,fanta whole spices
1137.0,MOU-SOF-DAR-750ML,mountain dew,dark chocolate,soft drink,750 ml,ML,packs,mountain dew dark chocolate
1138.0,RED-ORG-FRU-300ML,red bull,fruit jam,organic,300 ml,ML,jars,red bull fruit jam
1139.0,PIP-IMP-MAY-400GM,pipers,mayonnaise,imported,400 gm,GM,packets,pipers mayonnaise
1140.0,TIL-SPE-TOR-2LB,tilda,tortilla chips,specialty,2 lb,LB,packets,tilda tortilla chips
1141.0,HEE-DAI-PRE-500ML,heera,pretzel sticks,dairy,500 ml,ML,packets,heera pretzel sticks
1142.0,TAS-HEA-PEA-1LTR,tastybasket,peanut butter (natural),health,1 ltr,LTR,packets,tastybasket peanut butter (natural)
1143.0,RAN-BEV-MUS-500GM,ranchi fresh,mustard chutney,beverage,500 gm,GM,packets,ranchi fresh mustard chutney
1144.0,MAN-DAI-SAT-500ML,mandala foods,sattu drink mix,dairy,500 ml,ML,packets,mandala foods sattu drink mix
1145.0,ORG-ORG-KAS-500GM,organic roots,kasuri methi,organic,500 gm,GM,packets,organic roots kasuri methi
1146.0,PAT-HEA-KAS-100GM,patanjali nature,kasuri methi,health,100 gm,GM,packets,patanjali nature kasuri methi
1147.0,GOK-REA-MUS-500GM,gokul fresh,mustard chutney,ready mix,500 gm,GM,packets,gokul fresh mustard chutney
1148.0,GOK-BEV-TOO-100GM,gokul fresh,toor dal premium,beverage,100 gm,GM,packets,gokul fresh toor dal premium
1149.0,KHA-ORG-NAR-250GM,khanna foods,nariyal sukha,organic,250 gm,GM,packets,khanna foods nariyal sukha
1150.0,KHA-HEA-SAT-500GM,khanna foods,sattu drink mix,health,500 gm,GM,packets,khanna foods sattu drink mix
1151.0,RAN-STA-PEA-1KG,ranchi fresh,peanut butter (natural),staples,1 kg,KG,packets,ranchi fresh peanut butter (natural)
1152.0,HIM-DAI-MUS-1KG,himalaya greens,mustard chutney,dairy,1 kg,KG,packets,himalaya greens mustard chutney
1153.0,SHR-HEA-BAR-250GM,shree ganesh,barley flour,health,250 gm,GM,packets,shree ganesh barley flour
1154.0,GRE-SNA-TOO-250GM,green valley,toor dal premium,snacks,250 gm,GM,packets,green valley toor dal premium
1155.0,SHA-ORG-MUS-500ML,shakti foods,mustard chutney,organic,500 ml,ML,packets,shakti foods mustard chutney
1156.0,KHA-REA-SES-250GM,khanna foods,sesame oil,ready mix,250 gm,GM,bottles,khanna foods sesame oil
1157.0,TRI-CON-TAM-1LTR,triveni foods,tamarind paste,condiments,1 ltr,LTR,packets,triveni foods tamarind paste
1158.0,RAN-SPI-GAR-250GM,ranchi fresh,garlic paste,spices,250 gm,GM,packets,ranchi fresh garlic paste
1159.0,ANA-SNA-FOX-1KG,anand bazaar,foxtail millet,snacks,1 kg,KG,packets,anand bazaar foxtail millet
1160.0,ORG-DAI-BLA-1LTR,organic roots,black rice,dairy,1 ltr,LTR,bags,organic roots black rice
1161.0,ANA-CON-GUL-250GM,anand bazaar,gulkand syrup,condiments,250 gm,GM,packets,anand bazaar gulkand syrup
1162.0,ANN-BEV-TOO-1KG,annapoorna farms,toor dal premium,beverage,1 kg,KG,packets,annapoorna farms toor dal premium
1163.0,TRI-ORG-BAR-1KG,triveni foods,barley flour,organic,1 kg,KG,packets,triveni foods barley flour
1164.0,JAI-SNA-GAR-500ML,jai kisan,garlic paste,snacks,500 ml,ML,packets,jai kisan garlic paste
1165.0,HIM-CON-FOX-500GM,himalaya greens,foxtail millet,condiments,500 gm,GM,packets,himalaya greens foxtail millet
1166.0,PUR-CON-JAG-100GM,puredesi,jaggery powder,condiments,100 gm,GM,packets,puredesi jaggery powder
1167.0,ANA-HEA-GAR-500GM,anand bazaar,garlic paste,health,500 gm,GM,packets,anand bazaar garlic paste
1168.0,HIM-ORG-NAR-100GM,himalaya greens,nariyal sukha,organic,100 gm,GM,packets,himalaya greens nariyal sukha
1169.0,KIS-DAI-SES-250GM,kisan plus,sesame oil,dairy,250 gm,GM,bottles,kisan plus sesame oil
1170.0,RAS-DAI-TOO-250GM,rasoi magic,toor dal premium,dairy,250 gm,GM,packets,rasoi magic toor dal premium
1171.0,PUR-SNA-PRE-500ML,puredesi,premium sattu,snacks,500 ml,ML,packets,puredesi premium sattu
1172.0,SHA-SPI-ORG-500ML,shakti foods,organic rava,spices,500 ml,ML,packets,shakti foods organic rava
1173.0,SAH-HEA-TAM-1LTR,sahyadri farms,tamarind paste,health,1 ltr,LTR,packets,sahyadri farms tamarind paste
1174.0,PAT-DAI-CHI-250GM,patanjali nature,chilli flakes,dairy,250 gm,GM,packets,patanjali nature chilli flakes
1175.0,SHR-BEV-GUL-500GM,shree ganesh,gulkand syrup,beverage,500 gm,GM,packets,shree ganesh gulkand syrup
1176.0,RAJ-DAI-TOO-500GM,rajwadi foods,toor dal premium,dairy,500 gm,GM,packets,rajwadi foods toor dal premium
1177.0,SAH-CON-SES-1LTR,sahyadri farms,sesame oil,condiments,1 ltr,LTR,bottles,sahyadri farms sesame oil
1178.0,RAJ-HEA-SES-500GM,rajwadi foods,sesame oil,health,500 gm,GM,bottles,rajwadi foods sesame oil
1179.0,HIM-HEA-TAM-1LTR,himalaya greens,tamarind paste,health,1 ltr,LTR,packets,himalaya greens tamarind paste
1180.0,PUR-ORG-KAS-1KG,puredesi,kasuri methi,organic,1 kg,KG,packets,puredesi kasuri methi
1181.0,IND-DAI-CHI-100GM,indian harvest,chilli flakes,dairy,100 gm,GM,packets,indian harvest chilli flakes
1182.0,KIS-SPI-TAM-1KG,kisan plus,tamarind paste,spices,1 kg,KG,packets,kisan plus tamarind paste
1183.0,VED-BEV-MUS-500GM,vedic provisions,mustard chutney,beverage,500 gm,GM,packets,vedic provisions mustard chutney
1184.0,ANA-SNA-TAM-500ML,anand bazaar,tamarind paste,snacks,500 ml,ML,packets,anand bazaar tamarind paste
1185.0,SHR-STA-TOO-1KG,shree ganesh,toor dal premium,staples,1 kg,KG,packets,shree ganesh toor dal premium
1186.0,LOK-HEA-COC-250GM,lokmanya foods,coconut flour,health,250 gm,GM,packets,lokmanya foods coconut flour
1187.0,HEA-ORG-SES-100GM,healthyroots,sesame oil,organic,100 gm,GM,bottles,healthyroots sesame oil
1188.0,ANM-SNA-BLA-100GM,anmol fresh,black rice,snacks,100 gm,GM,bags,anmol fresh black rice
1189.0,MAN-SNA-GUL-500GM,mandala foods,gulkand syrup,snacks,500 gm,GM,packets,mandala foods gulkand syrup
1190.0,PUR-SNA-TOO-250GM,puredesi,toor dal premium,snacks,250 gm,GM,packets,puredesi toor dal premium
1191.0,ANM-REA-SES-1KG,anmol fresh,sesame oil,ready mix,1 kg,KG,bottles,anmol fresh sesame oil
1192.0,GOK-ORG-ORG-100GM,gokul fresh,organic rava,organic,100 gm,GM,packets,gokul fresh organic rava
1193.0,TRI-BEV-TAM-1KG,triveni foods,tamarind paste,beverage,1 kg,KG,packets,triveni foods tamarind paste
1194.0,PUR-SPI-KAS-1KG,puredesi,kasuri methi,spices,1 kg,KG,packets,puredesi kasuri methi
1195.0,SWA-CON-SES-500GM,swaadindia,sesame oil,condiments,500 gm,GM,bottles,swaadindia sesame oil
1196.0,SAP-ORG-KAS-500GM,sapna foods,kasuri methi,organic,500 gm,GM,packets,sapna foods kasuri methi
1197.0,ANM-SNA-PRE-500ML,anmol fresh,premium sattu,snacks,500 ml,ML,packets,anmol fresh premium sattu
1198.0,PAT-BEV-PRE-500ML,patanjali nature,premium sattu,beverage,500 ml,ML,packets,patanjali nature premium sattu
1199.0,VED-HEA-MAS-1LTR,vedic provisions,masala papad,health,1 ltr,LTR,packets,vedic provisions masala papad
1200.0,RAN-REA-GAR-250GM,ranchi fresh,garlic paste,ready mix,250 gm,GM,packets,ranchi fresh garlic paste
1201.0,ANN-ORG-COL-1LTR,annapoorna farms,cold pressed mustard oil,organic,1 ltr,LTR,bottles,annapoorna farms cold pressed mustard oil
1202.0,TRI-CON-TOO-500GM,triveni foods,toor dal premium,condiments,500 gm,GM,packets,triveni foods toor dal premium
1203.0,KIS-BEV-SAT-1KG,kisan plus,sattu drink mix,beverage,1 kg,KG,packets,kisan plus sattu drink mix
1204.0,TAS-CON-BAR-1LTR,tastybasket,barley flour,condiments,1 ltr,LTR,packets,tastybasket barley flour
1205.0,JAI-BEV-BAR-1KG,jai kisan,barley flour,beverage,1 kg,KG,packets,jai kisan barley flour
1206.0,ANN-HEA-KAS-1KG,annapoorna farms,kasuri methi,health,1 kg,KG,packets,annapoorna farms kasuri methi
1207.0,GRE-SNA-TAM-1LTR,green valley,tamarind paste,snacks,1 ltr,LTR,packets,green valley tamarind paste
1208.0,RAJ-DAI-GUL-500ML,rajwadi foods,gulkand syrup,dairy,500 ml,ML,packets,rajwadi foods gulkand syrup
1209.0,KHA-ORG-GAR-100GM,khanna foods,garlic paste,organic,100 gm,GM,packets,khanna foods garlic paste
1210.0,TRI-HEA-PRE-500GM,triveni foods,premium sattu,health,500 gm,GM,packets,triveni foods premium sattu
1211.0,ANM-DAI-KAS-500ML,anmol fresh,kasuri methi,dairy,500 ml,ML,packets,anmol fresh kasuri methi
1212.0,HEA-SPI-CHI-100GM,healthyroots,chilli flakes,spices,100 gm,GM,packets,healthyroots chilli flakes
1213.0,MAN-SNA-BLA-500ML,mandala foods,black rice,snacks,500 ml,ML,bags,mandala foods black rice
1214.0,DES-CON-PEA-500ML,desimart,peanut butter (natural),condiments,500 ml,ML,packets,desimart peanut butter (natural)
1215.0,BHA-SNA-JAG-500GM,bharat organics,jaggery powder,snacks,500 gm,GM,packets,bharat organics jaggery powder
1216.0,ANN-HEA-TAM-500GM,annapoorna farms,tamarind paste,health,500 gm,GM,packets,annapoorna farms tamarind paste
1217.0,GOK-HEA-COL-1KG,gokul fresh,cold pressed mustard oil,health,1 kg,KG,bottles,gokul fresh cold pressed mustard oil
1218.0,KHA-STA-PRE-1KG,khanna foods,premium sattu,staples,1 kg,KG,packets,khanna foods premium sattu
1219.0,HEA-SPI-PRE-1KG,healthyroots,premium sattu,spices,1 kg,KG,packets,healthyroots premium sattu
1220.0,GRE-SPI-NAR-500GM,green valley,nariyal sukha,spices,500 gm,GM,packets,green valley nariyal sukha
1221.0,DES-BEV-BAR-1LTR,deshvidesh,barley flour,beverage,1 ltr,LTR,packets,deshvidesh barley flour
1222.0,DES-SPI-JAG-1LTR,deshvidesh,jaggery powder,spices,1 ltr,LTR,packets,deshvidesh jaggery powder
1223.0,MAN-SNA-CHI-100GM,mandala foods,chilli flakes,snacks,100 gm,GM,packets,mandala foods chilli flakes
1224.0,RAN-HEA-PRE-100GM,ranchi fresh,premium sattu,health,100 gm,GM,packets,ranchi fresh premium sattu
1225.0,HIM-STA-GUL-1KG,himalaya greens,gulkand syrup,staples,1 kg,KG,packets,himalaya greens gulkand syrup
1226.0,KHA-HEA-KAS-100GM,khanna foods,kasuri methi,health,100 gm,GM,packets,khanna foods kasuri methi
1227.0,SWA-STA-GUL-250GM,swadisht,gulkand syrup,staples,250 gm,GM,packets,swadisht gulkand syrup
1228.0,HEA-SNA-PEA-100GM,healthyroots,peanut butter (natural),snacks,100 gm,GM,packets,healthyroots peanut butter (natural)
1229.0,RAN-ORG-NAR-1LTR,ranchi fresh,nariyal sukha,organic,1 ltr,LTR,packets,ranchi fresh nariyal sukha
1230.0,SHA-SNA-BAR-1LTR,shakti foods,barley flour,snacks,1 ltr,LTR,packets,shakti foods barley flour
1231.0,LOK-REA-PEA-500GM,lokmanya foods,peanut butter (natural),ready mix,500 gm,GM,packets,lokmanya foods peanut butter (natural)
1232.0,PAT-CON-SAT-1LTR,patanjali nature,sattu drink mix,condiments,1 ltr,LTR,packets,patanjali nature sattu drink mix
1233.0,SHR-ORG-BAR-1KG,shree ganesh,barley flour,organic,1 kg,KG,packets,shree ganesh barley flour
1234.0,GOK-REA-NAR-250GM,gokul fresh,nariyal sukha,ready mix,250 gm,GM,packets,gokul fresh nariyal sukha
1235.0,TRI-SNA-MAS-500GM,triveni foods,masala papad,snacks,500 gm,GM,packets,triveni foods masala papad
1236.0,SWA-REA-COL-250GM,swaadindia,cold pressed mustard oil,ready mix,250 gm,GM,bottles,swaadindia cold pressed mustard oil
1237.0,TRI-CON-TAM-1KG,triveni foods,tamarind paste,condiments,1 kg,KG,packets,triveni foods tamarind paste
1238.0,HIM-HEA-TOO-250GM,himalaya greens,toor dal premium,health,250 gm,GM,packets,himalaya greens toor dal premium
1239.0,SHA-ORG-SES-250GM,shakti foods,sesame oil,organic,250 gm,GM,bottles,shakti foods sesame oil
1240.0,TRI-DAI-MAS-250G,triveni foods,masala papad,dairy,250 gm,GM,packets,triveni foods masala papad
1241.0,ANA-SNA-ORG-500GM,anand bazaar,organic rava,snacks,500 gm,GM,packets,anand bazaar organic rava
1242.0,KIS-BEV-TOO-250GM,kisan plus,toor dal premium,beverage,250 gm,GM,packets,kisan plus toor dal premium
1243.0,DES-BEV-ORG-500GM,deshvidesh,organic rava,beverage,500 gm,GM,packets,deshvidesh organic rava
1245.0,TAS-STA-TOO-250GM,tastybasket,toor dal premium,staples,250 gm,GM,packets,tastybasket toor dal premium
1246.0,RAJ-BEV-BLA-500GM,rajwadi foods,black rice,beverage,500 gm,GM,bags,rajwadi foods black rice
1247.0,VED-HEA-BAR-500ML,vedic provisions,barley flour,health,500 ml,ML,packets,vedic provisions barley flour
1248.0,RAJ-REA-TAM-500ML,rajwadi foods,tamarind paste,ready mix,500 ml,ML,packets,rajwadi foods tamarind paste
1249.0,GRE-REA-BLA-1LTR,green valley,black rice,ready mix,1 ltr,LTR,bags,green valley black rice
1250.0,HEA-STA-MUS-100GM,healthyroots,mustard chutney,staples,100 gm,GM,packets,healthyroots mustard chutney
1251.0,ORG-ORG-SAT-1LTR,organic roots,sattu drink mix,organic,1 ltr,LTR,packets,organic roots sattu drink mix
1252.0,ANN-REA-MUS-1LTR,annapoorna farms,mustard chutney,ready mix,1 ltr,LTR,packets,annapoorna farms mustard chutney
1253.0,TAS-REA-GAR-250GM,tastybasket,garlic paste,ready mix,250 gm,GM,packets,tastybasket garlic paste
1254.0,HEA-REA-PRE-500ML,healthyroots,premium sattu,ready mix,500 ml,ML,packets,healthyroots premium sattu
1255.0,ANN-REA-FOX-500ML,annapoorna farms,foxtail millet,ready mix,500 ml,ML,packets,annapoorna farms foxtail millet
1256.0,SWA-SPI-COL-1LTR,swadisht,cold pressed mustard oil,spices,1 ltr,LTR,bottles,swadisht cold pressed mustard oil
1257.0,KHA-HEA-PEA-1KG,khanna foods,peanut butter (natural),health,1 kg,KG,packets,khanna foods peanut butter (natural)
1258.0,RAS-HEA-FOX-250GM,rasoi magic,foxtail millet,health,250 gm,GM,packets,rasoi magic foxtail millet
1259.0,IND-HEA-KAS-100GM,indian harvest,kasuri methi,health,100 gm,GM,packets,indian harvest kasuri methi
1260.0,TAS-BEV-TOO-250GM,tastybasket,toor dal premium,beverage,250 gm,GM,packets,tastybasket toor dal premium
1261.0,GRE-SNA-MAS-1LTR,green valley,masala papad,snacks,1 ltr,LTR,packets,green valley masala papad
1262.0,SHA-CON-PEA-500GM,shakti foods,peanut butter (natural),condiments,500 gm,GM,packets,shakti foods peanut butter (natural)
1263.0,HIM-REA-COC-500ML,himalaya greens,coconut flour,ready mix,500 ml,ML,packets,himalaya greens coconut flour
1264.0,PAT-STA-GUL-500GM,patanjali nature,gulkand syrup,staples,500 gm,GM,packets,patanjali nature gulkand syrup
1265.0,GOK-ORG-KAS-250GM,gokul fresh,kasuri methi,organic,250 gm,GM,packets,gokul fresh kasuri methi
1266.0,SHR-BEV-SAT-100GM,shree ganesh,sattu drink mix,beverage,100 gm,GM,packets,shree ganesh sattu drink mix
1267.0,SHA-ORG-COL-500ML,shakti foods,cold pressed mustard oil,organic,500 ml,ML,bottles,shakti foods cold pressed mustard oil
1268.0,SHA-ORG-GAR-1KG,shakti foods,garlic paste,organic,1 kg,KG,packets,shakti foods garlic paste
1269.0,ORG-STA-TAM-500GM,organic roots,tamarind paste,staples,500 gm,GM,packets,organic roots tamarind paste
1270.0,ANN-DAI-GAR-1KG,annapoorna farms,garlic paste,dairy,1 kg,KG,packets,annapoorna farms garlic paste
1271.0,DES-HEA-FOX-100GM,deshvidesh,foxtail millet,health,100 gm,GM,packets,deshvidesh foxtail millet
1272.0,MAN-CON-ORG-1LTR,mandala foods,organic rava,condiments,1 ltr,LTR,packets,mandala foods organic rava
1273.0,ANA-BEV-JAG-1KG,anand bazaar,jaggery powder,beverage,1 kg,KG,packets,anand bazaar jaggery powder
1274.0,LOK-CON-SES-1LTR,lokmanya foods,sesame oil,condiments,1 ltr,LTR,bottles,lokmanya foods sesame oil
1275.0,MAN-HEA-CHI-1LTR,mandala foods,chilli flakes,health,1 ltr,LTR,packets,mandala foods chilli flakes
1276.0,GOK-HEA-CHI-1KG,gokul fresh,chilli flakes,health,1 kg,KG,packets,gokul fresh chilli flakes
1277.0,RAJ-STA-BLA-250GM,rajwadi foods,black rice,staples,250 gm,GM,bags,rajwadi foods black rice
1278.0,SWA-SPI-MAS-500ML,swadisht,masala papad,spices,500 ml,ML,packets,swadisht masala papad
1279.0,SWA-HEA-FOX-500ML,swaadindia,foxtail millet,health,500 ml,ML,packets,swaadindia foxtail millet
1280.0,SAP-SNA-MAS-1LTR,sapna foods,masala papad,snacks,1 ltr,LTR,packets,sapna foods masala papad
1281.0,JAI-SNA-JAG-500GM,jai kisan,jaggery powder,snacks,500 gm,GM,packets,jai kisan jaggery powder
1282.0,HIM-SPI-GAR-500GM,himalaya greens,garlic paste,spices,500 gm,GM,packets,himalaya greens garlic paste
1283.0,RAJ-REA-BLA-250GM,rajwadi foods,black rice,ready mix,250 gm,GM,bags,rajwadi foods black rice
1284.0,SAH-SNA-TOO-250GM,sahyadri farms,toor dal premium,snacks,250 gm,GM,packets,sahyadri farms toor dal premium
1285.0,ANM-REA-COL-1KG,anmol fresh,cold pressed mustard oil,ready mix,1 kg,KG,bottles,anmol fresh cold pressed mustard oil
1286.0,SWA-CON-GAR-100GM,swadisht,garlic paste,condiments,100 gm,GM,packets,swadisht garlic paste
1287.0,ORG-DAI-BLA-100GM,organic roots,black rice,dairy,100 gm,GM,bags,organic roots black rice
1288.0,SAH-SNA-KAS-500ML,sahyadri farms,kasuri methi,snacks,500 ml,ML,packets,sahyadri farms kasuri methi
1289.0,TAS-HEA-BAR-1LTR,tastybasket,barley flour,health,1 ltr,LTR,packets,tastybasket barley flour
1290.0,MAN-REA-COC-500GM,mandala foods,coconut flour,ready mix,500 gm,GM,packets,mandala foods coconut flour
1291.0,RAS-HEA-CHI-100GM,rasoi magic,chilli flakes,health,100 gm,GM,packets,rasoi magic chilli flakes
1292.0,PUR-STA-NAR-500ML,puredesi,nariyal sukha,staples,500 ml,ML,packets,puredesi nariyal sukha
1293.0,MAN-CON-SES-250GM,mandala foods,sesame oil,condiments,250 gm,GM,bottles,mandala foods sesame oil
1294.0,KHA-ORG-KAS-1LTR,khanna foods,kasuri methi,organic,1 ltr,LTR,packets,khanna foods kasuri methi
1295.0,TAS-ORG-SES-500GM,tastybasket,sesame oil,organic,500 gm,GM,bottles,tastybasket sesame oil
1296.0,SAP-SPI-BAR-250GM,sapna foods,barley flour,spices,250 gm,GM,packets,sapna foods barley flour
1297.0,TRI-SPI-COL-500ML,triveni foods,cold pressed mustard oil,spices,500 ml,ML,bottles,triveni foods cold pressed mustard oil
1298.0,TRI-CON-TAM-500GM,triveni foods,tamarind paste,condiments,500 gm,GM,packets,triveni foods tamarind paste
1299.0,SAH-STA-GUL-500ML,sahyadri farms,gulkand syrup,staples,500 ml,ML,packets,sahyadri farms gulkand syrup
1300.0,PUR-BEV-GAR-1LTR,puredesi,garlic paste,beverage,1 ltr,LTR,packets,puredesi garlic paste
1301.0,BHA-DAI-FOX-1KG,bharat organics,foxtail millet,dairy,1 kg,KG,packets,bharat organics foxtail millet
1302.0,HEA-REA-BLA-250GM,healthyroots,black rice,ready mix,250 gm,GM,bags,healthyroots black rice
1303.0,PAT-STA-SES-1KG,patanjali nature,sesame oil,staples,1 kg,KG,bottles,patanjali nature sesame oil
1304.0,DES-SNA-PEA-500ML,desimart,peanut butter (natural),snacks,500 ml,ML,packets,desimart peanut butter (natural)
1305.0,TAS-SNA-FOX-500GM,tastybasket,foxtail millet,snacks,500 gm,GM,packets,tastybasket foxtail millet
1306.0,JAI-SPI-JAG-1LTR,jai kisan,jaggery powder,spices,1 ltr,LTR,packets,jai kisan jaggery powder
1307.0,LOK-BEV-JAG-500GM,lokmanya foods,jaggery powder,beverage,500 gm,GM,packets,lokmanya foods jaggery powder
1308.0,LOK-CON-TAM-500GM,lokmanya foods,tamarind paste,condiments,500 gm,GM,packets,lokmanya foods tamarind paste
1309.0,SAP-STA-PEA-250GM,sapna foods,peanut butter (natural),staples,250 gm,GM,packets,sapna foods peanut butter (natural)
1310.0,SWA-SPI-MUS-100GM,swaadindia,mustard chutney,spices,100 gm,GM,packets,swaadindia mustard chutney
1311.0,RAN-DAI-MUS-1LTR,ranchi fresh,mustard chutney,dairy,1 ltr,LTR,packets,ranchi fresh mustard chutney
1312.0,RAS-SPI-MUS-500GM,rasoi magic,mustard chutney,spices,500 gm,GM,packets,rasoi magic mustard chutney
1313.0,KIS-BEV-PRE-500ML,kisan plus,premium sattu,beverage,500 ml,ML,packets,kisan plus premium sattu
1314.0,SWA-SPI-COC-100GM,swadisht,coconut flour,spices,100 gm,GM,packets,swadisht coconut flour
1315.0,RAJ-SNA-PRE-1LTR,rajwadi foods,premium sattu,snacks,1 ltr,LTR,packets,rajwadi foods premium sattu
1316.0,HIM-ORG-GUL-500GM,himalaya greens,gulkand syrup,organic,500 gm,GM,packets,himalaya greens gulkand syrup
1317.0,DES-SPI-GAR-500GM,desimart,garlic paste,spices,500 gm,GM,packets,desimart garlic paste
1318.0,RAS-HEA-SAT-250GM,rasoi magic,sattu drink mix,health,250 gm,GM,packets,rasoi magic sattu drink mix
1319.0,BHA-CON-GUL-500ML,bharat organics,gulkand syrup,condiments,500 ml,ML,packets,bharat organics gulkand syrup
1320.0,SAH-DAI-MUS-100GM,sahyadri farms,mustard chutney,dairy,100 gm,GM,packets,sahyadri farms mustard chutney
1321.0,PAT-SNA-KAS-100GM,patanjali nature,kasuri methi,snacks,100 gm,GM,packets,patanjali nature kasuri methi
1322.0,JAI-DAI-CHI-250GM,jai kisan,chilli flakes,dairy,250 gm,GM,packets,jai kisan chilli flakes
1323.0,VED-STA-MUS-500ML,vedic provisions,mustard chutney,staples,500 ml,ML,packets,vedic provisions mustard chutney
1324.0,DES-ORG-COL-100GM,desimart,cold pressed mustard oil,organic,100 gm,GM,bottles,desimart cold pressed mustard oil
1325.0,SWA-SPI-COL-100GM,swadisht,cold pressed mustard oil,spices,100 gm,GM,bottles,swadisht cold pressed mustard oil
1326.0,ORG-ORG-COL-500GM,organic roots,cold pressed mustard oil,organic,500 gm,GM,bottles,organic roots cold pressed mustard oil
1327.0,SHA-STA-GUL-500ML,shakti foods,gulkand syrup,staples,500 ml,ML,packets,shakti foods gulkand syrup
1328.0,SAH-HEA-PRE-500GM,sahyadri farms,premium sattu,health,500 gm,GM,packets,sahyadri farms premium sattu
1329.0,ANA-REA-PRE-100GM,anand bazaar,premium sattu,ready mix,100 gm,GM,packets,anand bazaar premium sattu
1330.0,GOK-ORG-GAR-500ML,gokul fresh,garlic paste,organic,500 ml,ML,packets,gokul fresh garlic paste
1331.0,MAN-CON-MUS-100GM,mandala foods,mustard chutney,condiments,100 gm,GM,packets,mandala foods mustard chutney
1332.0,SHA-DAI-PRE-1KG,shakti foods,premium sattu,dairy,1 kg,KG,packets,shakti foods premium sattu
1333.0,ORG-ORG-MUS-1LTR,organic roots,mustard chutney,organic,1 ltr,LTR,packets,organic roots mustard chutney
1334.0,TAS-STA-ORG-500ML,tastybasket,organic rava,staples,500 ml,ML,packets,tastybasket organic rava
1335.0,TRI-BEV-PRE-100GM,triveni foods,premium sattu,beverage,100 gm,GM,packets,triveni foods premium sattu
1336.0,GOK-SPI-PRE-500ML,gokul fresh,premium sattu,spices,500 ml,ML,packets,gokul fresh premium sattu
1337.0,GOK-HEA-KAS-250GM,gokul fresh,kasuri methi,health,250 gm,GM,packets,gokul fresh kasuri methi
1338.0,DES-REA-GAR-1KG,desimart,garlic paste,ready mix,1 kg,KG,packets,desimart garlic paste
1339.0,SHR-REA-ORG-250GM,shree ganesh,organic rava,ready mix,250 gm,GM,packets,shree ganesh organic rava
1340.0,VED-SNA-COL-500GM,vedic provisions,cold pressed mustard oil,snacks,500 gm,GM,bottles,vedic provisions cold pressed mustard oil
1341.0,VED-STA-CHI-100GM,vedic provisions,chilli flakes,staples,100 gm,GM,packets,vedic provisions chilli flakes
1342.0,BHA-CON-FOX-100GM,bharat organics,foxtail millet,condiments,100 gm,GM,packets,bharat organics foxtail millet
1343.0,ORG-SPI-MAS-100GM,organic roots,masala papad,spices,100 gm,GM,packets,organic roots masala papad
1344.0,BHA-STA-ORG-500ML,bharat organics,organic rava,staples,500 ml,ML,packets,bharat organics organic rava
1345.0,BHA-CON-NAR-1LTR,bharat organics,nariyal sukha,condiments,1 ltr,LTR,packets,bharat organics nariyal sukha
1346.0,RAN-SNA-NAR-500GM,ranchi fresh,nariyal sukha,snacks,500 gm,GM,packets,ranchi fresh nariyal sukha
1347.0,GRE-REA-PRE-1LTR,green valley,premium sattu,ready mix,1 ltr,LTR,packets,green valley premium sattu
1348.0,ANA-CON-PRE-100GM,anand bazaar,premium sattu,condiments,100 gm,GM,packets,anand bazaar premium sattu
1349.0,SHR-BEV-PEA-500GM,shree ganesh,peanut butter (natural),beverage,500 gm,GM,packets,shree ganesh peanut butter (natural)
1350.0,DES-CON-FOX-1KG,deshvidesh,foxtail millet,condiments,1 kg,KG,packets,deshvidesh foxtail millet
1351.0,SAH-ORG-JAG-500ML,sahyadri farms,jaggery powder,organic,500 ml,ML,packets,sahyadri farms jaggery powder
1352.0,TRI-BEV-SES-500ML,triveni foods,sesame oil,beverage,500 ml,ML,bottles,triveni foods sesame oil
1353.0,VED-REA-CHI-500GM,vedic provisions,chilli flakes,ready mix,500 gm,GM,packets,vedic provisions chilli flakes
1354.0,BHA-SNA-BLA-1KG,bharat organics,black rice,snacks,1 kg,KG,bags,bharat organics black rice
1355.0,VED-CON-SAT-250GM,vedic provisions,sattu drink mix,condiments,250 gm,GM,packets,vedic provisions sattu drink mix
1356.0,SWA-CON-ORG-500GM,swadisht,organic rava,condiments,500 gm,GM,packets,swadisht organic rava
1357.0,PUR-SPI-COC-1KG,puredesi,coconut flour,spices,1 kg,KG,packets,puredesi coconut flour
1358.0,SWA-DAI-PRE-1LTR,swaadindia,premium sattu,dairy,1 ltr,LTR,packets,swaadindia premium sattu
1359.0,GOK-ORG-MUS-500ML,gokul fresh,mustard chutney,organic,500 ml,ML,packets,gokul fresh mustard chutney
1360.0,SWA-STA-SAT-100GM,swadisht,sattu drink mix,staples,100 gm,GM,packets,swadisht sattu drink mix
1361.0,SWA-SPI-GAR-500GM,swaadindia,garlic paste,spices,500 gm,GM,packets,swaadindia garlic paste
1362.0,ANA-ORG-GAR-500GM,anand bazaar,garlic paste,organic,500 gm,GM,packets,anand bazaar garlic paste
1363.0,VED-DAI-COL-500ML,vedic provisions,cold pressed mustard oil,dairy,500 ml,ML,bottles,vedic provisions cold pressed mustard oil
1364.0,DES-CON-COC-100GM,desimart,coconut flour,condiments,100 gm,GM,packets,desimart coconut flour
1365.0,ANN-REA-SAT-500GM,annapoorna farms,sattu drink mix,ready mix,500 gm,GM,packets,annapoorna farms sattu drink mix
1366.0,ANA-CON-SES-1KG,anand bazaar,sesame oil,condiments,1 kg,KG,bottles,anand bazaar sesame oil
1367.0,RAJ-SPI-TOO-500GM,rajwadi foods,toor dal premium,spices,500 gm,GM,packets,rajwadi foods toor dal premium
1368.0,BHA-DAI-PEA-1LTR,bharat organics,peanut butter (natural),dairy,1 ltr,LTR,packets,bharat organics peanut butter (natural)
1369.0,PAT-HEA-KAS-250GM,patanjali nature,kasuri methi,health,250 gm,GM,packets,patanjali nature kasuri methi
1370.0,TRI-STA-GAR-500ML,triveni foods,garlic paste,staples,500 ml,ML,packets,triveni foods garlic paste
1371.0,SHA-BEV-MAS-500GM,shakti foods,masala papad,beverage,500 gm,GM,packets,shakti foods masala papad
1372.0,SWA-CON-JAG-100GM,swaadindia,jaggery powder,condiments,100 gm,GM,packets,swaadindia jaggery powder
1373.0,HIM-STA-COL-100GM,himalaya greens,cold pressed mustard oil,staples,100 gm,GM,bottles,himalaya greens cold pressed mustard oil
1374.0,SAP-HEA-TOO-100GM,sapna foods,toor dal premium,health,100 gm,GM,packets,sapna foods toor dal premium
1375.0,GRE-ORG-MAS-500ML,green valley,masala papad,organic,500 ml,ML,packets,green valley masala papad
1376.0,SHR-ORG-BLA-1LTR,shree ganesh,black rice,organic,1 ltr,LTR,bags,shree ganesh black rice
1377.0,PAT-SNA-BLA-250G,patanjali nature,black rice,snacks,250 gm,GM,bags,patanjali nature black rice
1378.0,VED-CON-COC-500ML,vedic provisions,coconut flour,condiments,500 ml,ML,packets,vedic provisions coconut flour
1379.0,SAP-DAI-TAM-100GM,sapna foods,tamarind paste,dairy,100 gm,GM,packets,sapna foods tamarind paste
1380.0,VED-STA-MAS-250GM,vedic provisions,masala papad,staples,250 gm,GM,packets,vedic provisions masala papad
1381.0,DES-CON-NAR-1KG,desimart,nariyal sukha,condiments,1 kg,KG,packets,desimart nariyal sukha
1382.0,IND-HEA-GAR-250GM,indian harvest,garlic paste,health,250 gm,GM,packets,indian harvest garlic paste
1383.0,GRE-SPI-ORG-1LTR,green valley,organic rava,spices,1 ltr,LTR,packets,green valley organic rava
1384.0,GRE-CON-TAM-250GM,green valley,tamarind paste,condiments,250 gm,GM,packets,green valley tamarind paste
1385.0,HEA-BEV-FOX-1KG,healthyroots,foxtail millet,beverage,1 kg,KG,packets,healthyroots foxtail millet
1386.0,PUR-CON-GAR-1KG,puredesi,garlic paste,condiments,1 kg,KG,packets,puredesi garlic paste
1387.0,GOK-HEA-MAS-100GM,gokul fresh,masala papad,health,100 gm,GM,packets,gokul fresh masala papad
1388.0,VED-CON-COC-1LTR,vedic provisions,coconut flour,condiments,1 ltr,LTR,packets,vedic provisions coconut flour
1389.0,ANM-ORG-PRE-1LTR,anmol fresh,premium sattu,organic,1 ltr,LTR,packets,anmol fresh premium sattu
1390.0,JAI-CON-KAS-250GM,jai kisan,kasuri methi,condiments,250 gm,GM,packets,jai kisan kasuri methi
1391.0,RAS-DAI-BAR-250GM,rasoi magic,barley flour,dairy,250 gm,GM,packets,rasoi magic barley flour
1392.0,PUR-REA-CHI-500ML,puredesi,chilli flakes,ready mix,500 ml,ML,packets,puredesi chilli flakes
1393.0,MAN-HEA-TAM-1LTR,mandala foods,tamarind paste,health,1 ltr,LTR,packets,mandala foods tamarind paste
1394.0,RAJ-STA-ORG-100GM,rajwadi foods,organic rava,staples,100 gm,GM,packets,rajwadi foods organic rava
1395.0,SHA-DAI-TOO-1KG,shakti foods,toor dal premium,dairy,1 kg,KG,packets,shakti foods toor dal premium
1396.0,VED-REA-COC-1KG,vedic provisions,coconut flour,ready mix,1 kg,KG,packets,vedic provisions coconut flour
1397.0,ANM-SNA-PRE-1LTR,anmol fresh,premium sattu,snacks,1 ltr,LTR,packets,anmol fresh premium sattu
1398.0,MAN-SPI-MUS-500ML,mandala foods,mustard chutney,spices,500 ml,ML,packets,mandala foods mustard chutney
1399.0,ANM-STA-TOO-500ML,anmol fresh,toor dal premium,staples,500 ml,ML,packets,anmol fresh toor dal premium
1400.0,ANA-REA-CHI-100GM,anand bazaar,chilli flakes,ready mix,100 gm,GM,packets,anand bazaar chilli flakes
1401.0,MAN-HEA-COC-250GM,mandala foods,coconut flour,health,250 gm,GM,packets,mandala foods coconut flour
1402.0,RAN-ORG-GUL-1LTR,ranchi fresh,gulkand syrup,organic,1 ltr,LTR,packets,ranchi fresh gulkand syrup
1403.0,ANN-CON-GUL-1LTR,annapoorna farms,gulkand syrup,condiments,1 ltr,LTR,packets,annapoorna farms gulkand syrup
1404.0,HIM-SPI-KAS-250GM,himalaya greens,kasuri methi,spices,250 gm,GM,packets,himalaya greens kasuri methi
1405.0,BHA-CON-MAS-500GM,bharat organics,masala papad,condiments,500 gm,GM,packets,bharat organics masala papad
1406.0,MAN-CON-MUS-1KG,mandala foods,mustard chutney,condiments,1 kg,KG,packets,mandala foods mustard chutney
1407.0,VED-SPI-SAT-250GM,vedic provisions,sattu drink mix,spices,250 gm,GM,packets,vedic provisions sattu drink mix
1408.0,KHA-HEA-TAM-500GM,khanna foods,tamarind paste,health,500 gm,GM,packets,khanna foods tamarind paste
1409.0,SWA-CON-GAR-1LTR,swaadindia,garlic paste,condiments,1 ltr,LTR,packets,swaadindia garlic paste
1410.0,TAS-SNA-CHI-500GM,tastybasket,chilli flakes,snacks,500 gm,GM,packets,tastybasket chilli flakes
1411.0,SHR-HEA-GAR-1KG,shree ganesh,garlic paste,health,1 kg,KG,packets,shree ganesh garlic paste
1412.0,RAJ-REA-COL-500ML,rajwadi foods,cold pressed mustard oil,ready mix,500 ml,ML,bottles,rajwadi foods cold pressed mustard oil
1413.0,JAI-CON-TOO-250GM,jai kisan,toor dal premium,condiments,250 gm,GM,packets,jai kisan toor dal premium
1414.0,HIM-HEA-TAM-250GM,himalaya greens,tamarind paste,health,250 gm,GM,packets,himalaya greens tamarind paste
1415.0,BHA-SNA-SES-500GM,bharat organics,sesame oil,snacks,500 gm,GM,bottles,bharat organics sesame oil
1416.0,JAI-BEV-MAS-1KG,jai kisan,masala papad,beverage,1 kg,KG,packets,jai kisan masala papad
1417.0,SAH-BEV-COL-1LTR,sahyadri farms,cold pressed mustard oil,beverage,1 ltr,LTR,bottles,sahyadri farms cold pressed mustard oil
1418.0,VED-ORG-BLA-500ML,vedic provisions,black rice,organic,500 ml,ML,bags,vedic provisions black rice
1419.0,TAS-DAI-GAR-500ML,tastybasket,garlic paste,dairy,500 ml,ML,packets,tastybasket garlic paste
1420.0,SAH-DAI-CHI-250GM,sahyadri farms,chilli flakes,dairy,250 gm,GM,packets,sahyadri farms chilli flakes
1421.0,PUR-HEA-KAS-1KG,puredesi,kasuri methi,health,1 kg,KG,packets,puredesi kasuri methi
1422.0,PAT-ORG-MUS-250GM,patanjali nature,mustard chutney,organic,250 gm,GM,packets,patanjali nature mustard chutney
1423.0,SAH-BEV-ORG-1KG,sahyadri farms,organic rava,beverage,1 kg,KG,packets,sahyadri farms organic rava
1424.0,IND-ORG-MUS-500GM,indian harvest,mustard chutney,organic,500 gm,GM,packets,indian harvest mustard chutney
1425.0,PAT-BEV-CHI-1LTR,patanjali nature,chilli flakes,beverage,1 ltr,LTR,packets,patanjali nature chilli flakes
1426.0,KIS-SPI-TAM-250GM,kisan plus,tamarind paste,spices,250 gm,GM,packets,kisan plus tamarind paste
1427.0,SAH-HEA-JAG-500ML,sahyadri farms,jaggery powder,health,500 ml,ML,packets,sahyadri farms jaggery powder
1428.0,PAT-DAI-COC-500GM,patanjali nature,coconut flour,dairy,500 gm,GM,packets,patanjali nature coconut flour
1429.0,MAN-ORG-SAT-100GM,mandala foods,sattu drink mix,organic,100 gm,GM,packets,mandala foods sattu drink mix
1430.0,MAN-SNA-PRE-1KG,mandala foods,premium sattu,snacks,1 kg,KG,packets,mandala foods premium sattu
1431.0,TRI-SPI-CHI-1KG,triveni foods,chilli flakes,spices,1 kg,KG,packets,triveni foods chilli flakes
1432.0,RAN-STA-COC-500GM,ranchi fresh,coconut flour,staples,500 gm,GM,packets,ranchi fresh coconut flour
1433.0,TRI-DAI-JAG-250GM,triveni foods,jaggery powder,dairy,250 gm,GM,packets,triveni foods jaggery powder
1434.0,ANM-BEV-COL-1LTR,anmol fresh,cold pressed mustard oil,beverage,1 ltr,LTR,bottles,anmol fresh cold pressed mustard oil
1435.0,KHA-BEV-CHI-100GM,khanna foods,chilli flakes,beverage,100 gm,GM,packets,khanna foods chilli flakes
1436.0,LOK-CON-KAS-500GM,lokmanya foods,kasuri methi,condiments,500 gm,GM,packets,lokmanya foods kasuri methi
1437.0,JAI-HEA-GAR-1LTR,jai kisan,garlic paste,health,1 ltr,LTR,packets,jai kisan garlic paste
1438.0,JAI-STA-TOO-500ML,jai kisan,toor dal premium,staples,500 ml,ML,packets,jai kisan toor dal premium
1439.0,MAN-ORG-TOO-1LTR,mandala foods,toor dal premium,organic,1 ltr,LTR,packets,mandala foods toor dal premium
1440.0,BHA-CON-PRE-500GM,bharat organics,premium sattu,condiments,500 gm,GM,packets,bharat organics premium sattu
1441.0,HEA-DAI-MUS-500ML,healthyroots,mustard chutney,dairy,500 ml,ML,packets,healthyroots mustard chutney
1442.0,ANM-CON-MUS-500GM,anmol fresh,mustard chutney,condiments,500 ml,GM,packets,anmol fresh mustard chutney
1443.0,PAT-STA-MAS-250GM,patanjali nature,masala papad,staples,250 gm,GM,packets,patanjali nature masala papad
1444.0,DES-BEV-MUS-250GM,deshvidesh,mustard chutney,beverage,250 gm,GM,packets,deshvidesh mustard chutney
1445.0,SAP-REA-KAS-500GM,sapna foods,kasuri methi,ready mix,500 gm,GM,packets,sapna foods kasuri methi
1446.0,ANA-REA-BAR-500GM,anand bazaar,barley flour,ready mix,500 gm,GM,packets,anand bazaar barley flour
1447.0,ANA-REA-SAT-500ML,anand bazaar,sattu drink mix,ready mix,500 ml,ML,packets,anand bazaar sattu drink mix
1448.0,RAN-DAI-MUS-100GM,ranchi fresh,mustard chutney,dairy,100 gm,GM,packets,ranchi fresh mustard chutney
1449.0,VED-BEV-SES-1LTR,vedic provisions,sesame oil,beverage,1 ltr,LTR,bottles,vedic provisions sesame oil
1450.0,ANN-ORG-PRE-1KG,annapoorna farms,premium sattu,organic,1 kg,KG,packets,annapoorna farms premium sattu
1451.0,RAS-SPI-PEA-250GM,rasoi magic,peanut butter (natural),spices,250 gm,GM,packets,rasoi magic peanut butter (natural)
1452.0,VED-HEA-MAS-500ML,vedic provisions,masala papad,health,500 ml,ML,packets,vedic provisions masala papad
1453.0,ORG-SPI-CHI-1LTR,organic roots,chilli flakes,spices,1 ltr,LTR,packets,organic roots chilli flakes
1454.0,ANN-SPI-COC-100GM,annapoorna farms,coconut flour,spices,100 gm,GM,packets,annapoorna farms coconut flour
1455.0,RAS-DAI-KAS-1KG,rasoi magic,kasuri methi,dairy,1 kg,KG,packets,rasoi magic kasuri methi
1456.0,PUR-REA-COL-100GM,puredesi,cold pressed mustard oil,ready mix,100 gm,GM,bottles,puredesi cold pressed mustard oil
1457.0,SAH-SPI-FOX-250GM,sahyadri farms,foxtail millet,spices,250 gm,GM,packets,sahyadri farms foxtail millet
1458.0,GOK-DAI-COL-100GM,gokul fresh,cold pressed mustard oil,dairy,100 gm,GM,bottles,gokul fresh cold pressed mustard oil
1459.0,GRE-ORG-TAM-1KG,green valley,tamarind paste,organic,1 kg,KG,packets,green valley tamarind paste
1460.0,SAP-DAI-PRE-100GM,sapna foods,premium sattu,dairy,100 gm,GM,packets,sapna foods premium sattu
1461.0,GRE-ORG-SAT-1LTR,green valley,sattu drink mix,organic,1 ltr,LTR,packets,green valley sattu drink mix
1462.0,RAN-SNA-NAR-100GM,ranchi fresh,nariyal sukha,snacks,100 gm,GM,packets,ranchi fresh nariyal sukha
1463.0,SHR-DAI-SES-1LTR,shree ganesh,sesame oil,dairy,1 ltr,LTR,bottles,shree ganesh sesame oil
1464.0,GOK-BEV-GUL-500GM,gokul fresh,gulkand syrup,beverage,500 gm,GM,packets,gokul fresh gulkand syrup
1465.0,ANM-HEA-BLA-1KG,anmol fresh,black rice,health,1 kg,KG,bags,anmol fresh black rice
1466.0,ANN-SPI-BAR-250GM,annapoorna farms,barley flour,spices,250 gm,GM,packets,annapoorna farms barley flour
1467.0,RAS-SPI-ORG-100GM,rasoi magic,organic rava,spices,100 gm,GM,packets,rasoi magic organic rava
1468.0,GRE-STA-TAM-1KG,green valley,tamarind paste,staples,1 kg,KG,packets,green valley tamarind paste
1469.0,ANN-SPI-COL-1LTR,annapoorna farms,cold pressed mustard oil,spices,1 ltr,LTR,bottles,annapoorna farms cold pressed mustard oil
1470.0,TAS-HEA-PRE-500GM,tastybasket,premium sattu,health,500 gm,GM,packets,tastybasket premium sattu
1471.0,TRI-SNA-NAR-1KG,triveni foods,nariyal sukha,snacks,1 kg,KG,packets,triveni foods nariyal sukha
1472.0,HIM-HEA-BLA-500GM,himalaya greens,black rice,health,500 gm,GM,bags,himalaya greens black rice
1473.0,VED-SNA-TOO-500ML,vedic provisions,toor dal premium,snacks,500 ml,ML,packets,vedic provisions toor dal premium
1474.0,HIM-DAI-CHI-500GM,himalaya greens,chilli flakes,dairy,500 gm,GM,packets,himalaya greens chilli flakes
1475.0,DES-SPI-ORG-500GM,deshvidesh,organic rava,spices,500 gm,GM,packets,deshvidesh organic rava
1476.0,MAN-ORG-PEA-1KG,mandala foods,peanut butter (natural),organic,1 kg,KG,packets,mandala foods peanut butter (natural)
1477.0,DES-BEV-NAR-250GM,desimart,nariyal sukha,beverage,250 gm,GM,packets,desimart nariyal sukha
1478.0,KIS-ORG-BLA-1LTR,kisan plus,black rice,organic,1 ltr,LTR,bags,kisan plus black rice
1479.0,KHA-DAI-FOX-500GM,khanna foods,foxtail millet,dairy,500 gm,GM,packets,khanna foods foxtail millet
1480.0,SWA-ORG-BAR-1KG,swadisht,barley flour,organic,1 kg,KG,packets,swadisht barley flour
1481.0,HIM-SPI-NAR-1KG,himalaya greens,nariyal sukha,spices,1 kg,KG,packets,himalaya greens nariyal sukha
1482.0,PUR-CON-SAT-1LTR,puredesi,sattu drink mix,condiments,1 ltr,LTR,packets,puredesi sattu drink mix
1483.0,BHA-DAI-KAS-100GM,bharat organics,kasuri methi,dairy,100 gm,GM,packets,bharat organics kasuri methi
1484.0,SAH-SNA-COC-1KG,sahyadri farms,coconut flour,snacks,1 kg,KG,packets,sahyadri farms coconut flour
1485.0,RAJ-SNA-COL-1LTR,rajwadi foods,cold pressed mustard oil,snacks,1 ltr,LTR,bottles,rajwadi foods cold pressed mustard oil
1486.0,BHA-DAI-KAS-250GM,bharat organics,kasuri methi,dairy,250 gm,GM,packets,bharat organics kasuri methi
1487.0,SHA-SNA-BLA-100GM,shakti foods,black rice,snacks,100 gm,GM,bags,shakti foods black rice
1488.0,ORG-REA-SES-250GM,organic roots,sesame oil,ready mix,250 gm,GM,bottles,organic roots sesame oil
1489.0,ANA-STA-SAT-250GM,anand bazaar,sattu drink mix,staples,250 gm,GM,packets,anand bazaar sattu drink mix
1490.0,HIM-BEV-SAT-1LTR,himalaya greens,sattu drink mix,beverage,1 ltr,LTR,packets,himalaya greens sattu drink mix
1491.0,IND-HEA-BLA-500ML,indian harvest,black rice,health,500 ml,ML,bags,indian harvest black rice
1492.0,SAP-ORG-TOO-1KG,sapna foods,toor dal premium,organic,1 kg,KG,packets,sapna foods toor dal premium
1493.0,DES-HEA-FOX-1KG,desimart,foxtail millet,health,1 kg,KG,packets,desimart foxtail millet
1494.0,DES-DAI-COL-500ML,deshvidesh,cold pressed mustard oil,dairy,500 ml,ML,bottles,deshvidesh cold pressed mustard oil
1495.0,KIS-SPI-JAG-1LTR,kisan plus,jaggery powder,spices,1 ltr,LTR,packets,kisan plus jaggery powder
1496.0,GOK-HEA-TAM-100GM,gokul fresh,tamarind paste,health,100 gm,GM,packets,gokul fresh tamarind paste
1497.0,SWA-DAI-NAR-250GM,swadisht,nariyal sukha,dairy,250 gm,GM,packets,swadisht nariyal sukha
1498.0,MAN-CON-BLA-500GM,mandala foods,black rice,condiments,500 gm,GM,bags,mandala foods black rice
1499.0,ANM-STA-COL-100GM,anmol fresh,cold pressed mustard oil,staples,100 gm,GM,bottles,anmol fresh cold pressed mustard oil
1500.0,SHR-SPI-CHI-250GM,shree ganesh,chilli flakes,spices,250 gm,GM,packets,shree ganesh chilli flakes
1501.0,HIM-ORG-KAS-100GM,himalaya greens,kasuri methi,organic,100 gm,GM,packets,himalaya greens kasuri methi
1502.0,MAN-ORG-MAS-250GM,mandala foods,masala papad,organic,250 gm,GM,packets,mandala foods masala papad
1503.0,DES-REA-MAS-250GM,deshvidesh,masala papad,ready mix,250 gm,GM,packets,deshvidesh masala papad
1504.0,SAH-STA-SAT-1KG,sahyadri farms,sattu drink mix,staples,1 kg,KG,packets,sahyadri farms sattu drink mix
1505.0,SAH-DAI-FOX-250GM,sahyadri farms,foxtail millet,dairy,250 gm,GM,packets,sahyadri farms foxtail millet
1506.0,ANA-SNA-CHI-500ML,anand bazaar,chilli flakes,snacks,500 ml,ML,packets,anand bazaar chilli flakes
1507.0,KIS-SPI-JAG-500GM,kisan plus,jaggery powder,spices,500 gm,GM,packets,kisan plus jaggery powder
1508.0,SAH-SPI-SES-250GM,sahyadri farms,sesame oil,spices,250 gm,GM,bottles,sahyadri farms sesame oil
1509.0,KHA-DAI-SES-250GM,khanna foods,sesame oil,dairy,250 gm,GM,bottles,khanna foods sesame oil
1510.0,RAN-BEV-FOX-100GM,ranchi fresh,foxtail millet,beverage,100 gm,GM,packets,ranchi fresh foxtail millet
1511.0,ANA-SNA-BAR-100GM,anand bazaar,barley flour,snacks,100 gm,GM,packets,anand bazaar barley flour
1512.0,SAP-STA-ORG-1KG,sapna foods,organic rava,staples,1 kg,KG,packets,sapna foods organic rava
1513.0,DES-HEA-SAT-1LTR,desimart,sattu drink mix,health,1 ltr,LTR,packets,desimart sattu drink mix
1514.0,PAT-ORG-GAR-500ML,patanjali nature,garlic paste,organic,500 ml,ML,packets,patanjali nature garlic paste
1515.0,MAN-SPI-SES-500ML,mandala foods,sesame oil,spices,500 ml,ML,bottles,mandala foods sesame oil
1516.0,RAN-HEA-PEA-1LTR,ranchi fresh,peanut butter (natural),health,1 ltr,LTR,packets,ranchi fresh peanut butter (natural)
1517.0,RAS-BEV-NAR-1LTR,rasoi magic,nariyal sukha,beverage,1 ltr,LTR,packets,rasoi magic nariyal sukha
1518.0,RAS-BEV-MUS-500ML,rasoi magic,mustard chutney,beverage,500 ml,ML,packets,rasoi magic mustard chutney
1519.0,KHA-ORG-TOO-1LTR,khanna foods,toor dal premium,organic,1 ltr,LTR,packets,khanna foods toor dal premium
1520.0,TAS-DAI-FOX-250G,tastybasket,foxtail millet,dairy,250 gm,GM,packets,tastybasket foxtail millet
1521.0,JAI-SPI-COL-1KG,jai kisan,cold pressed mustard oil,spices,1 kg,KG,bottles,jai kisan cold pressed mustard oil
1522.0,KHA-BEV-PRE-500ML,khanna foods,premium sattu,beverage,500 ml,ML,packets,khanna foods premium sattu
1523.0,SWA-ORG-MUS-250G,swadisht,mustard chutney,organic,250 gm,GM,packets,swadisht mustard chutney
1524.0,ANN-HEA-BAR-500GM,annapoorna farms,barley flour,health,500 gm,GM,packets,annapoorna farms barley flour
1525.0,HIM-DAI-PEA-500ML,himalaya greens,peanut butter (natural),dairy,500 ml,ML,packets,himalaya greens peanut butter (natural)
1526.0,RAN-ORG-COC-1KG,ranchi fresh,coconut flour,organic,1 kg,KG,packets,ranchi fresh coconut flour
1527.0,DES-BEV-COL-500ML,deshvidesh,cold pressed mustard oil,beverage,500 ml,ML,bottles,deshvidesh cold pressed mustard oil
1528.0,IND-STA-BLA-500GM,indian harvest,black rice,staples,500 gm,GM,bags,indian harvest black rice
1529.0,HEA-HEA-GAR-1LTR,healthyroots,garlic paste,health,1 ltr,LTR,packets,healthyroots garlic paste
1530.0,SHA-SNA-BAR-500ML,shakti foods,barley flour,snacks,500 ml,ML,packets,shakti foods barley flour
1531.0,BHA-CON-TOO-250GM,bharat organics,toor dal premium,condiments,250 gm,GM,packets,bharat organics toor dal premium
1532.0,KHA-SPI-ORG-1LTR,khanna foods,organic rava,spices,1 ltr,LTR,packets,khanna foods organic rava
1533.0,LOK-SPI-SAT-500GM,lokmanya foods,sattu drink mix,spices,500 gm,GM,packets,lokmanya foods sattu drink mix
1534.0,ANN-ORG-NAR-100GM,annapoorna farms,nariyal sukha,organic,100 gm,GM,packets,annapoorna farms nariyal sukha
1535.0,ANN-HEA-GUL-250GM,annapoorna farms,gulkand syrup,health,250 gm,GM,packets,annapoorna farms gulkand syrup
1536.0,ANN-REA-SAT-250GM,annapoorna farms,sattu drink mix,ready mix,250 gm,GM,packets,annapoorna farms sattu drink mix
1537.0,PUR-REA-GUL-250GM,puredesi,gulkand syrup,ready mix,250 gm,GM,packets,puredesi gulkand syrup
1538.0,ANA-SPI-SES-500GM,anand bazaar,sesame oil,spices,500 gm,GM,bottles,anand bazaar sesame oil
1539.0,SAH-SPI-COC-1KG,sahyadri farms,coconut flour,spices,1 kg,KG,packets,sahyadri farms coconut flour
1540.0,PUR-BEV-GAR-1KG,puredesi,garlic paste,beverage,1 kg,KG,packets,puredesi garlic paste
1541.0,HEA-ORG-SES-500ML,healthyroots,sesame oil,organic,500 ml,ML,bottles,healthyroots sesame oil
1542.0,IND-ORG-ORG-500ML,indian harvest,organic rava,organic,500 ml,ML,packets,indian harvest organic rava
1543.0,SHR-CON-CHI-1LTR,shree ganesh,chilli flakes,condiments,1 ltr,LTR,packets,shree ganesh chilli flakes
1544.0,SHA-STA-ORG-1KG,shakti foods,organic rava,staples,1 kg,KG,packets,shakti foods organic rava
1545.0,HEA-SNA-JAG-1KG,healthyroots,jaggery powder,snacks,1 kg,KG,packets,healthyroots jaggery powder
1546.0,ANA-ORG-GUL-250GM,anand bazaar,gulkand syrup,organic,250 gm,GM,packets,anand bazaar gulkand syrup
1547.0,SWA-SPI-GUL-500GM,swadisht,gulkand syrup,spices,500 gm,GM,packets,swadisht gulkand syrup
1548.0,RAJ-BEV-BAR-250GM,rajwadi foods,barley flour,beverage,250 gm,GM,packets,rajwadi foods barley flour
1549.0,PAT-BEV-TAM-1KG,patanjali nature,tamarind paste,beverage,1 kg,KG,packets,patanjali nature tamarind paste
1550.0,KIS-REA-JAG-1KG,kisan plus,jaggery powder,ready mix,1 kg,KG,packets,kisan plus jaggery powder
1551.0,RAS-ORG-KAS-500GM,rasoi magic,kasuri methi,organic,500 gm,GM,packets,rasoi magic kasuri methi
1552.0,SWA-HEA-NAR-500GM,swadisht,nariyal sukha,health,500 gm,GM,packets,swadisht nariyal sukha
1553.0,SHR-ORG-TOO-500ML,shree ganesh,toor dal premium,organic,500 ml,ML,packets,shree ganesh toor dal premium
1554.0,ORG-ORG-ORG-1KG,organic roots,organic rava,organic,1 kg,KG,packets,organic roots organic rava
1555.0,ANA-REA-KAS-250GM,anand bazaar,kasuri methi,ready mix,250 gm,GM,packets,anand bazaar kasuri methi
1556.0,DES-REA-FOX-100GM,desimart,foxtail millet,ready mix,100 gm,GM,packets,desimart foxtail millet
1557.0,PUR-BEV-MAS-1KG,puredesi,masala papad,beverage,1 kg,KG,packets,puredesi masala papad
1558.0,ANA-BEV-BAR-500ML,anand bazaar,barley flour,beverage,500 ml,ML,packets,anand bazaar barley flour
1559.0,ANA-SPI-TOO-500ML,anand bazaar,toor dal premium,spices,500 ml,ML,packets,anand bazaar toor dal premium
1560.0,SAH-ORG-TAM-500GM,sahyadri farms,tamarind paste,organic,500 gm,GM,packets,sahyadri farms tamarind paste
1561.0,GOK-DAI-PRE-1KG,gokul fresh,premium sattu,dairy,1 kg,KG,packets,gokul fresh premium sattu
1562.0,KIS-SNA-SES-500ML,kisan plus,sesame oil,snacks,500 ml,ML,bottles,kisan plus sesame oil
1564.0,LOK-CON-BAR-500ML,lokmanya foods,barley flour,condiments,500 ml,ML,packets,lokmanya foods barley flour
1565.0,SAP-CON-KAS-100GM,sapna foods,kasuri methi,condiments,100 gm,GM,packets,sapna foods kasuri methi
1566.0,RAN-SPI-TOO-1LTR,ranchi fresh,toor dal premium,spices,1 ltr,LTR,packets,ranchi fresh toor dal premium
1567.0,DES-REA-JAG-500GM,desimart,jaggery powder,ready mix,500 gm,GM,packets,desimart jaggery powder
1568.0,SWA-HEA-COC-250GM,swadisht,coconut flour,health,250 gm,GM,packets,swadisht coconut flour
1569.0,RAS-REA-GUL-500GM,rasoi magic,gulkand syrup,ready mix,500 gm,GM,packets,rasoi magic gulkand syrup
1570.0,KHA-BEV-ORG-500ML,khanna foods,organic rava,beverage,500 ml,ML,packets,khanna foods organic rava
1571.0,PUR-SNA-GAR-1LTR,puredesi,garlic paste,snacks,1 ltr,LTR,packets,puredesi garlic paste
1572.0,SHA-ORG-BAR-1KG,shakti foods,barley flour,organic,1 kg,KG,packets,shakti foods barley flour
1573.0,JAI-HEA-MUS-1LTR,jai kisan,mustard chutney,health,1 ltr,LTR,packets,jai kisan mustard chutney
1574.0,LOK-SPI-KAS-100GM,lokmanya foods,kasuri methi,spices,100 gm,GM,packets,lokmanya foods kasuri methi
1575.0,LOK-DAI-GUL-1LTR,lokmanya foods,gulkand syrup,dairy,1 ltr,LTR,packets,lokmanya foods gulkand syrup
1576.0,PAT-REA-CHI-1KG,patanjali nature,chilli flakes,ready mix,1 kg,KG,packets,patanjali nature chilli flakes
1577.0,ANA-BEV-COC-1KG,anand bazaar,coconut flour,beverage,1 kg,KG,packets,anand bazaar coconut flour
1578.0,BHA-STA-NAR-500ML,bharat organics,nariyal sukha,staples,500 ml,ML,packets,bharat organics nariyal sukha
1579.0,LOK-REA-BLA-100GM,lokmanya foods,black rice,ready mix,100 gm,GM,bags,lokmanya foods black rice
1580.0,PAT-SPI-JAG-500GM,patanjali nature,jaggery powder,spices,500 gm,GM,packets,patanjali nature jaggery powder
1581.0,IND-CON-GUL-1KG,indian harvest,gulkand syrup,condiments,1 kg,KG,packets,indian harvest gulkand syrup
1582.0,SHR-HEA-SES-1KG,shree ganesh,sesame oil,health,1 kg,KG,bottles,shree ganesh sesame oil
1583.0,LOK-BEV-MUS-1KG,lokmanya foods,mustard chutney,beverage,1 kg,KG,packets,lokmanya foods mustard chutney
1584.0,SHR-ORG-JAG-1KG,shree ganesh,jaggery powder,organic,1 kg,KG,packets,shree ganesh jaggery powder
1585.0,LOK-BEV-SES-1KG,lokmanya foods,sesame oil,beverage,1 kg,KG,bottles,lokmanya foods sesame oil
1586.0,RAS-DAI-MAS-500ML,rasoi magic,masala papad,dairy,500 ml,ML,packets,rasoi magic masala papad
1587.0,RAS-CON-BAR-500ML,rasoi magic,barley flour,condiments,500 ml,ML,packets,rasoi magic barley flour
1588.0,ANM-CON-COC-1LTR,anmol fresh,coconut flour,condiments,1 ltr,LTR,packets,anmol fresh coconut flour
1589.0,IND-SPI-TAM-250GM,indian harvest,tamarind paste,spices,250 gm,GM,packets,indian harvest tamarind paste
1590.0,ANM-HEA-SAT-1KG,anmol fresh,sattu drink mix,health,1 kg,KG,packets,anmol fresh sattu drink mix
1591.0,SAH-HEA-PRE-100GM,sahyadri farms,premium sattu,health,100 gm,GM,packets,sahyadri farms premium sattu
1592.0,PUR-BEV-COC-100GM,puredesi,coconut flour,beverage,100 gm,GM,packets,puredesi coconut flour
1593.0,SAH-SNA-JAG-1L,sahyadri farms,jaggery powder,snacks,1 ltr,LTR,packets,sahyadri farms jaggery powder
1594.0,DES-SPI-TOO-100GM,deshvidesh,toor dal premium,spices,100 gm,GM,packets,deshvidesh toor dal premium
1595.0,GOK-SPI-PEA-500GM,gokul fresh,peanut butter (natural),spices,500 gm,GM,packets,gokul fresh peanut butter (natural)
1596.0,SAP-CON-MAS-500ML,sapna foods,masala papad,condiments,500 ml,ML,packets,sapna foods masala papad
1597.0,RAN-SNA-SES-500ML,ranchi fresh,sesame oil,snacks,500 ml,ML,bottles,ranchi fresh sesame oil
1598.0,RAJ-BEV-SES-500ML,rajwadi foods,sesame oil,beverage,500 ml,ML,bottles,rajwadi foods sesame oil
1599.0,BHA-STA-GAR-500GM,bharat organics,garlic paste,staples,500 gm,GM,packets,bharat organics garlic paste
1600.0,LOK-SNA-COL-1KG,lokmanya foods,cold pressed mustard oil,snacks,1 kg,KG,bottles,lokmanya foods cold pressed mustard oil
1601.0,MAN-DAI-GUL-500GM,mandala foods,gulkand syrup,dairy,500 gm,GM,packets,mandala foods gulkand syrup
1602.0,TRI-SNA-COC-1LTR,triveni foods,coconut flour,snacks,1 ltr,LTR,packets,triveni foods coconut flour
1603.0,PUR-REA-ORG-500ML,puredesi,organic rava,ready mix,500 ml,ML,packets,puredesi organic rava
1604.0,DES-REA-MUS-500GM,deshvidesh,mustard chutney,ready mix,500 gm,GM,packets,deshvidesh mustard chutney
1605.0,HIM-BEV-PRE-500ML,himalaya greens,premium sattu,beverage,500 ml,ML,packets,himalaya greens premium sattu
1606.0,IND-SNA-COC-1KG,indian harvest,coconut flour,snacks,1 kg,KG,packets,indian harvest coconut flour
1607.0,TAS-BEV-SAT-1LTR,tastybasket,sattu drink mix,beverage,1 ltr,LTR,packets,tastybasket sattu drink mix
1608.0,RAS-DAI-SAT-100GM,rasoi magic,sattu drink mix,dairy,100 gm,GM,packets,rasoi magic sattu drink mix
1609.0,SAP-SPI-BAR-1KG,sapna foods,barley flour,spices,1 kg,KG,packets,sapna foods barley flour
1610.0,PAT-REA-COC-100GM,patanjali nature,coconut flour,ready mix,100 gm,GM,packets,patanjali nature coconut flour
1611.0,KIS-STA-ORG-1KG,kisan plus,organic rava,staples,1 kg,KG,packets,kisan plus organic rava
1612.0,HIM-REA-FOX-1LTR,himalaya greens,foxtail millet,ready mix,1 ltr,LTR,packets,himalaya greens foxtail millet
1613.0,ANN-STA-COC-250GM,annapoorna farms,coconut flour,staples,250 gm,GM,packets,annapoorna farms coconut flour
1614.0,GRE-CON-GAR-1KGM,green valley,garlic paste,condiments,1 kg,KG,packets,green valley garlic paste
1615.0,GOK-BEV-NAR-100GM,gokul fresh,nariyal sukha,beverage,100 gm,GM,packets,gokul fresh nariyal sukha
1617.0,ANM-SPI-CHI-100GM,anmol fresh,chilli flakes,spices,100 gm,GM,packets,anmol fresh chilli flakes
1618.0,DES-SPI-COL-1KG,desimart,cold pressed mustard oil,spices,1 kg,KG,bottles,desimart cold pressed mustard oil
1619.0,PAT-SNA-GUL-250GM,patanjali nature,gulkand syrup,snacks,250 gm,GM,packets,patanjali nature gulkand syrup
1620.0,RAN-REA-PEA-500GM,ranchi fresh,peanut butter (natural),ready mix,500 gm,GM,packets,ranchi fresh peanut butter (natural)
1621.0,VED-HEA-COL-250GM,vedic provisions,cold pressed mustard oil,health,250 gm,GM,bottles,vedic provisions cold pressed mustard oil
1623.0,VED-ORG-SAT-100GM,vedic provisions,sattu drink mix,organic,100 gm,GM,packets,vedic provisions sattu drink mix
1624.0,VED-SNA-SES-500GM,vedic provisions,sesame oil,snacks,500 gm,GM,bottles,vedic provisions sesame oil
1625.0,PAT-SNA-TAM-500ML,patanjali nature,tamarind paste,snacks,500 ml,ML,packets,patanjali nature tamarind paste
1626.0,GRE-DAI-NAR-250GM,green valley,nariyal sukha,dairy,250 gm,GM,packets,green valley nariyal sukha
1627.0,RAJ-CON-KAS-1KG,rajwadi foods,kasuri methi,condiments,1 kg,KG,packets,rajwadi foods kasuri methi
1628.0,HIM-BEV-FOX-500ML,himalaya greens,foxtail millet,beverage,500 ml,ML,packets,himalaya greens foxtail millet
1629.0,SHR-SNA-JAG-1KG,shree ganesh,jaggery powder,snacks,1 kg,KG,packets,shree ganesh jaggery powder
1630.0,HIM-SNA-TOO-1KG,himalaya greens,toor dal premium,snacks,1 kg,KG,packets,himalaya greens toor dal premium
1631.0,GOK-SPI-TOO-1KG,gokul fresh,toor dal premium,spices,1 kg,KG,packets,gokul fresh toor dal premium
1632.0,ANN-CON-KAS-250GM,annapoorna farms,kasuri methi,condiments,250 gm,GM,packets,annapoorna farms kasuri methi
1633.0,BHA-CON-MUS-1LTR,bharat organics,mustard chutney,condiments,1 ltr,LTR,packets,bharat organics mustard chutney
1634.0,SWA-HEA-GUL-1LTR,swaadindia,gulkand syrup,health,1 ltr,LTR,packets,swaadindia gulkand syrup
1635.0,KIS-REA-SAT-1LTR,kisan plus,sattu drink mix,ready mix,1 ltr,LTR,packets,kisan plus sattu drink mix
1636.0,GRE-CON-COC-1KGM,green valley,coconut flour,condiments,1 kg,KG,packets,green valley coconut flour
1637.0,SHA-REA-MUS-100GM,shakti foods,mustard chutney,ready mix,100 gm,GM,packets,shakti foods mustard chutney
1638.0,SHR-REA-NAR-250GM,shree ganesh,nariyal sukha,ready mix,250 gm,GM,packets,shree ganesh nariyal sukha
1639.0,TRI-ORG-KAS-500GM,triveni foods,kasuri methi,organic,500 gm,GM,packets,triveni foods kasuri methi
1640.0,SAP-STA-COL-500ML,sapna foods,cold pressed mustard oil,staples,500 ml,ML,bottles,sapna foods cold pressed mustard oil
1641.0,ANN-REA-COC-1KG,annapoorna farms,coconut flour,ready mix,1 kg,KG,packets,annapoorna farms coconut flour
1642.0,EVE-SPI-COR-750GM,everest,coriander powder,spices,750 gm,GM,packets,everest coriander powder
1643.0,MOT-DAI-CUR-8LTR,mother dairy,curd,dairy,8 ltr,LTR,packets,mother dairy curd
1644.0,AMU-DAI-BUT-750ML,amul,butter,dairy,750 ml,ML,packets,amul butter
1645.0,EVE-SPI-COR-5KG,everest,coriander powder,spices,5 kg,KG,packets,everest coriander powder
1646.0,MDH-SPI-TUR-500GM,mdh,turmeric powder,spices,500 gm,GM,packets,mdh turmeric powder
1647.0,SPR-BEV-COL-3LTR,sprite,cold drink,beverages,3 ltr,LTR,packets,sprite cold drink
1648.0,COL-HOU-GLA-8LTR,colin,glass cleaner,household,8 ltr,LTR,bottles,colin glass cleaner
1649.0,LIF-PER-SOA-2PCS,lifebuoy,soap,personal care,2 pcs,PCS,packets,lifebuoy soap
1650.0,LAY-SNA-CHI-1PCS,lay's,chips,snacks,1 pcs,PCS,packets,lay's chips
1651.0,FOR-GRA-WHE-4KG,fortune,wheat flour,grains,4 kg,KG,packets,fortune wheat flour
1652.0,IND-GRA-BAS-2KG,india gate,basmati rice,grains,2 kg,KG,bags,india gate basmati rice
1653.0,BRI-SNA-COO-1000GM,britannia,cookies,snacks,1000 gm,GM,packets,britannia cookies
1654.0,COL-PER-TOO-3PCS,colgate,toothpaste,personal care,3 pcs,PCS,tubes,colgate toothpaste
1655.0,COL-HOU-GLA-9LTR,colin,glass cleaner,household,9 ltr,LTR,bottles,colin glass cleaner
1656.0,COL-HOU-GLA-2LTR,colin,glass cleaner,household,2 ltr,LTR,bottles,colin glass cleaner
1657.0,FOR-GRA-WHE-2KG,fortune,wheat flour,grains,2 kg,KG,packets,fortune wheat flour
1658.0,AMU-DAI-BUT-7LTR,amul,butter,dairy,7 ltr,LTR,packets,amul butter
1659.0,AAS-SPI-CHI-250GM,aashirvaad,chilli powder,spices,250 gm,GM,packets,aashirvaad chilli powder
1660.0,TAT-SPI-SAL-1000GM,tata,salt,spices,1000 gm,GM,packets,tata salt
1661.0,TAT-BEV-TEA-2LTR,tata,tea,beverages,2 ltr,LTR,packets,tata tea
1662.0,SPR-BEV-COL-750ML,sprite,cold drink,beverages,750 ml,ML,packets,sprite cold drink
1663.0,TAT-SPI-SAL-5KG,tata,salt,spices,5 kg,KG,packets,tata salt
1664.0,MDH-SPI-TUR-750GM,mdh,turmeric powder,spices,750 gm,GM,packets,mdh turmeric powder
1665.0,COL-HOU-GLA-2PCS,colin,glass cleaner,household,2 pcs,PCS,bottles,colin glass cleaner
1666.0,COL-HOU-GLA-5PCS,colin,glass cleaner,household,5 pcs,PCS,bottles,colin glass cleaner
1667.0,TAT-GRA-RIC-100GM,tata,rice,grains,100 gm,GM,bags,tata rice
1668.0,HAR-HOU-TOI-7LTR,harpic,toilet cleaner,household,7 ltr,LTR,bottles,harpic toilet cleaner
1669.0,AAS-GRA-WHE-40KG,aashirvaad,wheat flour,grains,40 kg,KG,packets,aashirvaad wheat flour
1670.0,TAT-BEV-TEA-750ML,tata,tea,beverages,750 ml,ML,packets,tata tea
1671.0,AAS-SPI-CHI-750GM,aashirvaad,chilli powder,spices,750 gm,GM,packets,aashirvaad chilli powder
1672.0,HAR-HOU-TOI-3PCS,harpic,toilet cleaner,household,3 pcs,PCS,bottles,harpic toilet cleaner
1673.0,DOV-PER-SHA-50PCS,dove,shampoo,personal care,50 pcs,PCS,packets,dove shampoo
1675.0,NES-BEV-COF-1LTR,nescafe,coffee,beverages,1 ltr,LTR,jars,nescafe coffee
1676.0,LIF-PER-SOA-3PCS,lifebuoy,soap,personal care,3 pcs,PCS,packets,lifebuoy soap
1677.0,LAY-SNA-CHI-250GM,lay's,chips,snacks,250 gm,GM,packets,lay's chips
1678.0,LIZ-HOU-FLO-5LTR,lizol,floor cleaner,household,5 ltr,LTR,bottles,lizol floor cleaner
1680.0,COC-BEV-COL-500ML,coca cola,cold drink,beverages,500 ml,ML,packets,coca cola cold drink
1681.0,HAR-HOU-TOI-4LTR,harpic,toilet cleaner,household,4 ltr,LTR,bottles,harpic toilet cleaner
1682.0,COL-HOU-GLA-1PCS,colin,glass cleaner,household,1 pcs,PCS,bottles,colin glass cleaner
1683.0,COC-BEV-COL-4LTR,coca cola,cold drink,beverages,4 ltr,LTR,packets,coca cola cold drink
1684.0,SPR-BEV-COL-2LTR,sprite,cold drink,beverages,2 ltr,LTR,packets,sprite cold drink
1685.0,HAR-HOU-TOI-4PCS,harpic,toilet cleaner,household,4 pcs,PCS,bottles,harpic toilet cleaner
1686.0,AMU-DAI-MIL-7LTR,amul,milk,dairy,7 ltr,LTR,packets,amul milk
1687.0,LIZ-HOU-FLO-10LTR,lizol,floor cleaner,household,10 ltr,LTR,bottles,lizol floor cleaner
1688.0,COL-PER-TOO-5PCS,colgate,toothpaste,personal care,5 pcs,PCS,tubes,colgate toothpaste
1689.0,COL-PER-TOO-4PCS,colgate,toothpaste,personal care,4 pcs,PCS,tubes,colgate toothpaste
1690.0,LAY-SNA-CHI-2PCS,lay's,chips,snacks,2 pcs,PCS,packets,lay's chips
1691.0,LIZ-HOU-FLO-4PCS,lizol,floor cleaner,household,4 pcs,PCS,bottles,lizol floor cleaner
1692.0,COL-HOU-GLA-7LTR,colin,glass cleaner,household,7 ltr,LTR,bottles,colin glass cleaner
1693.0,FOR-GRA-WHE-6KG,fortune,wheat flour,grains,6 kg,KG,packets,fortune wheat flour
1694.0,COL-PER-TOO-2PCS,colgate,toothpaste,personal care,2 pcs,PCS,tubes,colgate toothpaste
1695.0,FOR-GRA-WHE-40KG,fortune,wheat flour,grains,40 kg,KG,packets,fortune wheat flour
1697.0,TAT-GRA-RIC-500GM,tata,rice,grains,500 gm,GM,bags,tata rice
1699.0,AAS-GRA-WHE-750GM,aashirvaad,wheat flour,grains,750 gm,GM,packets,aashirvaad wheat flour
1700.0,COC-BEV-COL-2LTR,coca cola,cold drink,beverages,2 ltr,LTR,packets,coca cola cold drink
1701.0,BRI-SNA-COO-100GM,britannia,cookies,snacks,100 gm,GM,packets,britannia cookies
1702.0,IND-GRA-BAS-1000GM,india gate,basmati rice,grains,1000 gm,GM,bags,india gate basmati rice
1703.0,TAT-GRA-RIC-1000GM,tata,rice,grains,1000 gm,GM,bags,tata rice
1705.0,DOV-PER-SHA-1PCS,dove,shampoo,personal care,1 pcs,PCS,packets,dove shampoo
1707.0,IND-GRA-BAS-750GM,india gate,basmati rice,grains,750 gm,GM,bags,india gate basmati rice
1708.0,EVE-SPI-COR-100GM,everest,coriander powder,spices,100 gm,GM,packets,everest coriander powder
1709.0,BRI-SNA-COO-4PCS,britannia,cookies,snacks,4 pcs,PCS,packets,britannia cookies
1710.0,IND-GRA-BAS-30KG,india gate,basmati rice,grains,30 kg,KG,bags,india gate basmati rice
1711.0,TAT-GRA-RIC-750GM,tata,rice,grains,750 gm,GM,bags,tata rice
1713.0,IND-GRA-BAS-250GM,india gate,basmati rice,grains,250 gm,GM,bags,india gate basmati rice
1714.0,NES-DAI-MIL-7LTR,nestle,milk powder,dairy,7 ltr,LTR,packets,nestle milk powder
1716.0,BRI-SNA-COO-3PCS,britannia,cookies,snacks,3 pcs,PCS,packets,britannia cookies
1717.0,BRI-SNA-COO-250GM,britannia,cookies,snacks,250 gm,GM,packets,britannia cookies
1718.0,TAT-SPI-SAL-1500GM,tata,salt,spices,1500 gm,GM,packets,tata salt
1720.0,AMU-DAI-BUT-2000ML,amul,butter,dairy,2000 ml,ML,packets,amul butter
1722.0,LIZ-HOU-FLO-2PCS,lizol,floor cleaner,household,2 pcs,PCS,bottles,lizol floor cleaner
1723.0,SUR-HOU-DET-1PCS,surf excel,detergent,household,1 pcs,PCS,packets,surf excel detergent
1724.0,HAR-HOU-TOI-3LTR,harpic,toilet cleaner,household,3 ltr,LTR,bottles,harpic toilet cleaner
1725.0,HAR-HOU-TOI-5PCS,harpic,toilet cleaner,household,5 pcs,PCS,bottles,harpic toilet cleaner
1726.0,AMU-DAI-MIL-3LTR,amul,milk,dairy,3 ltr,LTR,packets,amul milk
1727.0,AAS-GRA-WHE-8KG,aashirvaad,wheat flour,grains,8 kg,KG,packets,aashirvaad wheat flour
1728.0,AAS-SPI-CHI-100GM,aashirvaad,chilli powder,spices,100 gm,GM,packets,aashirvaad chilli powder
1731.0,LIF-PER-SOA-1PCS,lifebuoy,soap,personal care,1 pcs,PCS,packets,lifebuoy soap
1732.0,DOV-PER-SHA-2PCS,dove,shampoo,personal care,2 pcs,PCS,packets,dove shampoo
1733.0,FOR-GRA-WHE-10KG,fortune,wheat flour,grains,10 kg,KG,packets,fortune wheat flour
1735.0,TAT-GRA-RIC-5KG,tata,rice,grains,5 kg,KG,bags,tata rice
1737.0,LIZ-HOU-FLO-1PCS,lizol,floor cleaner,household,1 pcs,PCS,bottles,lizol floor cleaner
1738.0,LIF-PER-SOA-4PCS,lifebuoy,soap,personal care,4 pcs,PCS,packets,lifebuoy soap
1741.0,COC-BEV-COL-750ML,coca cola,cold drink,beverages,750 ml,ML,packets,coca cola cold drink
1742.0,TAT-SPI-SAL-250GM,tata,salt,spices,250 gm,GM,packets,tata salt
1743.0,AMU-DAI-MIL-10LTR,amul,milk,dairy,10 ltr,LTR,packets,amul milk
1744.0,AMU-DAI-BUT-500ML,amul,butter,dairy,500 ml,ML,packets,amul butter
1745.0,MDH-SPI-TUR-1000GM,mdh,turmeric powder,spices,1000 gm,GM,packets,mdh turmeric powder
1746.0,TAT-GRA-RIC-10KG,tata,rice,grains,10 kg,KG,bags,tata rice
1747.0,NES-BEV-COF-3LTR,nescafe,coffee,beverages,3 ltr,LTR,jars,nescafe coffee
1750.0,MOT-DAI-CUR-250ML,mother dairy,curd,dairy,250 ml,ML,packets,mother dairy curd
1751.0,HAR-HOU-TOI-2LTR,harpic,toilet cleaner,household,2 ltr,LTR,bottles,harpic toilet cleaner
1752.0,IND-GRA-BAS-7KG,india gate,basmati rice,grains,7 kg,KG,bags,india gate basmati rice
1753.0,PAR-SNA-BIS-250GM,parle,biscuits,snacks,250 gm,GM,packs,parle biscuits
1758.0,NES-BEV-COF-2LTR,nescafe,coffee,beverages,2 ltr,LTR,jars,nescafe coffee
1760.0,NES-DAI-MIL-250ML,nestle,milk powder,dairy,250 ml,ML,packets,nestle milk powder
1761.0,AMU-DAI-BUT-10LTR,amul,butter,dairy,10 ltr,LTR,packets,amul butter
1763.0,MOT-DAI-CUR-100ML,mother dairy,curd,dairy,100 ml,ML,packets,mother dairy curd
1765.0,SUR-HOU-DET-3PCS,surf excel,detergent,household,3 pcs,PCS,packets,surf excel detergent
1766.0,AMU-DAI-MIL-500ML,amul,milk,dairy,500 ml,ML,packets,amul milk
1768.0,BRI-SNA-COO-750GM,britannia,cookies,snacks,750 gm,GM,packets,britannia cookies
1769.0,COL-HOU-GLA-10LTR,colin,glass cleaner,household,10 ltr,LTR,bottles,colin glass cleaner
1770.0,FOR-GRA-WHE-250GM,fortune,wheat flour,grains,250 gm,GM,packets,fortune wheat flour
1771.0,HAR-HOU-TOI-1LTR,harpic,toilet cleaner,household,1 ltr,LTR,bottles,harpic toilet cleaner
1774.0,LIZ-HOU-FLO-3PCS,lizol,floor cleaner,household,3 pcs,PCS,bottles,lizol floor cleaner
1775.0,DET-PER-SOA-5PCS,dettol,soap,personal care,5 pcs,PCS,packets,dettol soap
1776.0,FOR-GRA-WHE-1000GM,fortune,wheat flour,grains,1000 gm,GM,packets,fortune wheat flour
1777.0,AMU-DAI-MIL-8LTR,amul,milk,dairy,8 ltr,LTR,packets,amul milk
1778.0,COC-BEV-COL-10LM,coca cola,cold drink,beverages,10 ltr,LTR,packets,coca cola cold drink
1779.0,AAS-GRA-WHE-1000GM,aashirvaad,wheat flour,grains,1000 gm,GM,packets,aashirvaad wheat flour
1780.0,PAR-SNA-BIS-1000GM,parle,biscuits,snacks,1000 gm,GM,packs,parle biscuits
1781.0,COL-PER-TOO-1PCS,colgate,toothpaste,personal care,1 pcs,PCS,tubes,colgate toothpaste
1782.0,HAL-SNA-CHI-500GM,haldiram,chips,snacks,500 gm,GM,packets,haldiram chips
1784.0,TAT-SPI-SAL-750GM,tata,salt,spices,750 gm,GM,packets,tata salt
1785.0,NES-BEV-COF-1000ML,nescafe,coffee,beverages,1000 ml,ML,jars,nescafe coffee
1786.0,MDH-SPI-TUR-250GM,mdh,turmeric powder,spices,250 gm,GM,packets,mdh turmeric powder
1788.0,MOT-DAI-CUR-2LTR,mother dairy,curd,dairy,2 ltr,LTR,packets,mother dairy curd
1789.0,AMU-DAI-BUT-1500ML,amul,butter,dairy,1500 ml,ML,packets,amul butter
1793.0,COL-HOU-GLA-3PCS,colin,glass cleaner,household,3 pcs,PCS,bottles,colin glass cleaner
1796.0,TAT-SPI-SAL-100GM,tata,salt,spices,100 gm,GM,packets,tata salt
1799.0,AMU-DAI-MIL-2LTR,amul,milk,dairy,2 ltr,LTR,packets,amul milk
1800.0,EVE-SPI-COR-250GM,everest,coriander powder,spices,250 gm,GM,packets,everest coriander powder
1801.0,SPR-BEV-COL-8LTR,sprite,cold drink,beverages,8 ltr,LTR,packets,sprite cold drink
1802.0,BRI-SNA-COO-500GM,britannia,cookies,snacks,500 gm,GM,packets,britannia cookies
1804.0,TAT-SPI-SAL-500GM,tata,salt,spices,500 gm,GM,packets,tata salt
1806.0,DET-PER-SOA-2PCS,dettol,soap,personal care,2 pcs,PCS,packets,dettol soap
1807.0,TAT-BEV-TEA-10LTR,tata,tea,beverages,10 ltr,LTR,packets,tata tea
1808.0,AMU-DAI-MIL-5LTR,amul,milk,dairy,5 ltr,LTR,packets,amul milk
1810.0,LAY-SNA-CHI-750GM,lay's,chips,snacks,750 gm,GM,packets,lay's chips
1813.0,SUR-HOU-DET-1LTR,surf excel,detergent,household,1 ltr,LTR,packets,surf excel detergent
1814.0,SUR-HOU-DET-4LTR,surf excel,detergent,household,4 ltr,LTR,packets,surf excel detergent
1816.0,DOV-PER-SHA-5PCS,dove,shampoo,personal care,5 pcs,PCS,packets,dove shampoo
1818.0,SUR-HOU-DET-3LTR,surf excel,detergent,household,3 ltr,LTR,packets,surf excel detergent
1821.0,DET-PER-SOA-3PCS,dettol,soap,personal care,3 pcs,PCS,packets,dettol soap
1823.0,SPR-BEV-COL-250ML,sprite,cold drink,beverages,250 ml,ML,packets,sprite cold drink
1825.0,HAR-HOU-TOI-8LTR,harpic,toilet cleaner,household,8 ltr,LTR,bottles,harpic toilet cleaner
1828.0,AAS-GRA-WHE-230GM,aashirvaad,wheat flour,grains,230 gm,GM,packets,aashirvaad wheat flour
1831.0,MOT-DAI-CUR-1000ML,mother dairy,curd,dairy,1000 ml,ML,packets,mother dairy curd
1832.0,SPR-BEV-COL-5LTR,sprite,cold drink,beverages,5 ltr,LTR,packets,sprite cold drink
1833.0,FOR-GRA-WHE-1KG,fortune,wheat flour,grains,1 kg,KG,packets,fortune wheat flour
1836.0,PAR-SNA-BIS-2PCS,parle,biscuits,snacks,2 pcs,PCS,packs,parle biscuits
1838.0,FOR-GRA-WHE-7KG,fortune,wheat flour,grains,7 kg,KG,packets,fortune wheat flour
1839.0,AAS-GRA-WHE-250GM,aashirvaad,wheat flour,grains,250 gm,GM,packets,aashirvaad wheat flour
1840.0,EVE-SPI-COR-500GM,everest,coriander powder,spices,500 gm,GM,packets,everest coriander powder
1842.0,COC-BEV-COL-1000ML,coca cola,cold drink,beverages,1000 ml,ML,packets,coca cola cold drink
1845.0,AAS-GRA-WHE-3KGM,aashirvaad,wheat flour,grains,3 kg,KG,packets,aashirvaad wheat flour
1847.0,SUR-HOU-DET-8LTR,surf excel,detergent,household,8 ltr,LTR,packets,surf excel detergent
1849.0,LAY-SNA-CHI-500GM,lay's,chips,snacks,500 gm,GM,packets,lay's chips
1850.0,PAR-SNA-BIS-750GM,parle,biscuits,snacks,750 gm,GM,packs,parle biscuits
1851.0,TAT-BEV-TEA-4LTR,tata,tea,beverages,4 ltr,LTR,packets,tata tea
1852.0,FOR-GRA-WHE-750GM,fortune,wheat flour,grains,750 gm,GM,packets,fortune wheat flour
1853.0,AAS-SPI-CHI-350GM,aashirvaad,chilli powder,spices,350 gm,GM,packets,aashirvaad chilli powder
1855.0,DOV-PER-SHA-4PCS,dove,shampoo,personal care,4 pcs,PCS,packets,dove shampoo
1856.0,NES-DAI-MIL-6LTR,nestle,milk powder,dairy,6 ltr,LTR,packets,nestle milk powder
1857.0,MOT-DAI-CUR-6LTR,mother dairy,curd,dairy,6 ltr,LTR,packets,mother dairy curd
1858.0,LIZ-HOU-FLO-4LTR,lizol,floor cleaner,household,4 ltr,LTR,bottles,lizol floor cleaner
1859.0,AAS-GRA-WHE-10KG,aashirvaad,wheat flour,grains,10 kg,KG,packets,aashirvaad wheat flour
1860.0,HAR-HOU-TOI-9LTR,harpic,toilet cleaner,household,9 ltr,LTR,bottles,harpic toilet cleaner
1861.0,SPR-BEV-COL-1LTR,sprite,cold drink,beverages,1 ltr,LTR,packets,sprite cold drink
1862.0,NES-BEV-COF-7LTR,nescafe,coffee,beverages,7 ltr,LTR,jars,nescafe coffee
1866.0,HAL-SNA-CHI-250GM,haldiram,chips,snacks,250 gm,GM,packets,haldiram chips
1870.0,TAT-BEV-TEA-8LTR,tata,tea,beverages,8 ltr,LTR,packets,tata tea
1871.0,AAS-SPI-CHI-200GM,aashirvaad,chilli powder,spices,200 gm,GM,packets,aashirvaad chilli powder
1874.0,COC-BEV-COL-3LTR,coca cola,cold drink,beverages,3 ltr,LTR,packets,coca cola cold drink
1875.0,IND-GRA-BAS-9KG,india gate,basmati rice,grains,9 kg,KG,bags,india gate basmati rice
1876.0,EVE-SPI-COR-1000GM,everest,coriander powder,spices,1000 gm,GM,packets,everest coriander powder
1877.0,MOT-DAI-CUR-7LTR,mother dairy,curd,dairy,7 ltr,LTR,packets,mother dairy curd
1878.0,LAY-SNA-CHI-1000GM,lay's,chips,snacks,1000 gm,GM,packets,lay's chips
1879.0,LIZ-HOU-FLO-1LTR,lizol,floor cleaner,household,1 ltr,LTR,bottles,lizol floor cleaner
1880.0,AAS-SPI-CHI-1000GM,aashirvaad,chilli powder,spices,1000 gm,GM,packets,aashirvaad chilli powder
1881.0,IND-GRA-BAS-100GM,india gate,basmati rice,grains,100 gm,GM,bags,india gate basmati rice
1883.0,PAR-SNA-BIS-4PCS,parle,biscuits,snacks,4 pcs,PCS,packs,parle biscuits
1885.0,AAS-SPI-CHI-1KG,aashirvaad,chilli powder,spices,1 kg,KG,packets,aashirvaad chilli powder
1889.0,MD-SPI-TUR-500GM,mdh,turmeric powder,spices,500 gm,GM,packets,mdh turmeric powder
1890.0,SPR-BEV-COL-10LTR,sprite,cold drink,beverages,10 ltr,LTR,packets,sprite cold drink
1891.0,AMU-DAI-MIL-1000ML,amul,milk,dairy,1000 ml,ML,packets,amul milk
1893.0,AMU-DAI-BUT-2LTR,amul,butter,dairy,2 ltr,LTR,packets,amul butter
1894.0,SUR-HOU-DET-7LTR,surf excel,detergent,household,7 ltr,LTR,packets,surf excel detergent
1897.0,AMU-DAI-MIL-750ML,amul,milk,dairy,750 ml,ML,packets,amul milk
1898.0,HAL-SNA-CHI-5PCS,haldiram,chips,snacks,5 pcs,PCS,packets,haldiram chips
1906.0,COL-HOU-GLA-5LTR,colin,glass cleaner,household,5 ltr,LTR,bottles,colin glass cleaner
1907.0,AMU-DAI-MILK-5LTR,amul,milk,dairy,5 ltr,LTR,packets,amul milk
1909.0,AAS-GRA-WHE-100GM,aashirvaad,wheat flour,grains,100 gm,GM,packets,aashirvaad wheat flour
1911.0,COC-BEV-COL-100ML,coca cola,cold drink,beverages,100 ml,ML,packets,coca cola cold drink
1912.0,MDH-SPI-TUR-250GML,mdh,turmeric powder,spices,250 gm,GM,packets,mdh turmeric powder
1913.0,NES-BEV-COF-750ML,nescafe,coffee,beverages,750 ml,ML,jars,nescafe coffee
1915.0,MOT-DAI-CUR-750ML,mother dairy,curd,dairy,750 ml,ML,packets,mother dairy curd
1916.0,NES-DAI-MIL-1000ML,nestle,milk powder,dairy,1000 ml,ML,packets,nestle milk powder
1923.0,LIZ-HOU-FLO-5PCS,lizol,floor cleaner,household,5 pcs,PCS,bottles,lizol floor cleaner
1924.0,AAS-GRA-WHE-350GM,aashirvaad,wheat flour,grains,350 gm,GM,packets,aashirvaad wheat flour
1925.0,AAS-SPI-CHI-500GM,aashirvaad,chilli powder,spices,500 gm,GM,packets,aashirvaad chilli powder
1928.0,PAR-SNA-BIS-5PCS,parle,biscuits,snacks,5 pcs,PCS,packs,parle biscuits
1933.0,LIZ-HOU-FLO-9LTR,lizol,floor cleaner,household,9 ltr,LTR,bottles,lizol floor cleaner
1934.0,LAY'-SNA-CHIP-3PCS,lay's,chips,snacks,3 pcs,PCS,packets,lay's chips
1939.0,DOV-PER-SHA-3PCS,dove,shampoo,personal care,3 pcs,PCS,packets,dove shampoo
1940.0,BRIT-SNA-COO-250GM,britannia,cookies,snacks,250 gm,GM,packets,britannia cookies
1941.0,HAL-SNA-CHIP-4PCS,haldiram,chips,snacks,4 pcs,PCS,packets,haldiram chips
1944.0,AAS-SPI-CHI-90GM,aashirvaad,chilli powder,spices,90 gm,GM,packets,aashirvaad chilli powder
1946.0,AMU-DAI-BUT-550ML,amul,butter,dairy,550 ml,ML,packets,amul butter
1947.0,LIZ-HOU-FLO-8LTR,lizol,floor cleaner,household,8 ltr,LTR,bottles,lizol floor cleaner
1949.0,AAS-SPI-CHI-95GM,aashirvaad,chilli powder,spices,95 gm,GM,packets,aashirvaad chilli powder
1954.0,NES-DAI-MIL-2LTR,nestle,milk powder,dairy,2 ltr,LTR,packets,nestle milk powder
1955.0,IND-GRA-BAS-4KG,india gate,basmati rice,grains,4 kg,KG,bags,india gate basmati rice
1956.0,AMU-DAI-BUT-1LTR,amul,butter,dairy,1 ltr,LTR,packets,amul butter
1960.0,BRI-SNA-COO-2PCS,britannia,cookies,snacks,2 pcs,PCS,packets,britannia cookies
1962.0,AMU-DAI-MIL-6LTR,amul,milk,dairy,6 ltr,LTR,packets,amul milk
1964.0,DET-PER-SOA-4PCS,dettol,soap,personal care,4 pcs,PCS,packets,dettol soap
1965.0,TAT-GRA-RIC-250GM,tata,rice,grains,250 gm,GM,bags,tata rice
1966.0,COL-HOU-GLA-3LTR,colin,glass cleaner,household,3 ltr,LTR,bottles,colin glass cleaner
1971.0,COL-HOU-GLA-4PCS,colin,glass cleaner,household,4 pcs,PCS,bottles,colin glass cleaner
1973.0,SUR-HOU-DET-5PCS,surf excel,detergent,household,5 pcs,PCS,packets,surf excel detergent
1974.0,AMU-DAI-BUT-250ML,amul,butter,dairy,250 ml,ML,packets,amul butter
1975.0,SUR-HOU-DET-5LTR,surf excel,detergent,household,5 ltr,LTR,packets,surf excel detergent
1977.0,PAR-SNA-BIS-1PCS,parle,biscuits,snacks,1 pcs,PCS,packs,parle biscuits
1978.0,HAR-HOU-TOI-1PCS,harpic,toilet cleaner,household,1 pcs,PCS,bottles,harpic toilet cleaner
1979.0,LAY-SNA-CHI-3PCS,lay's,chips,snacks,3 pcs,PCS,packets,lay's chips
1981.0,NES-BEV-COF-500ML,nescafe,coffee,beverages,500 ml,ML,jars,nescafe coffee
1982.0,FOR-GRA-WHE-3KG,fortune,wheat flour,grains,3 kg,KG,packets,fortune wheat flour
1983.0,AAS-SPI-CHI-220GM,aashirvaad,chilli powder,spices,220 gm,GM,packets,aashirvaad chilli powder
1985.0,LIZ-HOU-FLO-7LTR,lizol,floor cleaner,household,7 ltr,LTR,bottles,lizol floor cleaner
1987.0,AMU-DAI-MIL-3000ML,amul,milk,dairy,3000 ml,ML,packets,amul milk
1989.0,HAL-SNA-CHI-2PCS,haldiram,chips,snacks,2 pcs,PCS,packets,haldiram chips
1991.0,MDH-SPI-TUR-100GM,mdh,turmeric powder,spices,100 gm,GM,packets,mdh turmeric powder
1992.0,NES-BEV-COF-5LTR,nescafe,coffee,beverages,5 ltr,LTR,jars,nescafe coffee
1993.0,COC-BEV-COL-250ML,coca cola,cold drink,beverages,250 ml,ML,packets,coca cola cold drink
1995.0,AMU-DAI-BUT-300ML,amul,butter,dairy,300 ml,ML,packets,amul butter
1996.0,MOT-DAI-CUR-500ML,mother dairy,curd,dairy,500 ml,ML,packets,mother dairy curd
1998.0,LIF-PER-SOA-5PCS,lifebuoy,soap,personal care,5 pcs,PCS,packets,lifebuoy soap
2004.0,SPR-BEV-COL-1000ML,sprite,cold drink,beverages,1000 ml,ML,packets,sprite cold drink
2005.0,AMU-DAI-MIL-250ML,amul,milk,dairy,250 ml,ML,packets,amul milk
2010.0,COL-HOU-GLA-6LTR,colin,glass cleaner,household,6 ltr,LTR,bottles,colin glass cleaner
2011.0,AAS-SPI-CHI-330GM,aashirvaad,chilli powder,spices,330 gm,GM,packets,aashirvaad chilli powder
2016.0,AAS-SPI-CHI-370GM,aashirvaad,chilli powder,spices,370 gm,GM,packets,aashirvaad chilli powder
2023.0,AAS-GRA-WHE-2KG,aashirvaad,wheat flour,grains,2 kg,KG,packets,aashirvaad wheat flour
2029.0,AAS-SPI-CHI-950GM,aashirvaad,chilli powder,spices,950 gm,GM,packets,aashirvaad chilli powder
2030.0,NES-DAI-MIL-9LTR,nestle,milk powder,dairy,9 ltr,LTR,packets,nestle milk powder
2032.0,TAT-GRA-RIC-4KG,tata,rice,grains,4 kg,KG,bags,tata rice
2036.0,MOT-DAI-CUR-3LTR,mother dairy,curd,dairy,3 ltr,LTR,packets,mother dairy curd
2038.0,PAR-SNA-BIS-100GM,parle,biscuits,snacks,100 gm,GM,packs,parle biscuits
2043.0,LAY-SNA-CHI-4PCS,lay's,chips,snacks,4 pcs,PCS,packets,lay's chips
2048.0,AAS-GRA-WHE-550GM,aashirvaad,wheat flour,grains,550 gm,GM,packets,aashirvaad wheat flour
2052.0,HAL-SNA-CHI-100GM,haldiram,chips,snacks,100 gm,GM,packets,haldiram chips
2056.0,SPR-BEV-COL-7LTR,sprite,cold drink,beverages,7 ltr,LTR,packets,sprite cold drink
2057.0,NES-DAI-MIL-8LTR,nestle,milk powder,dairy,8 ltr,LTR,packets,nestle milk powder
2060.0,COC-BEV-COL-9LTR,coca cola,cold drink,beverages,9 ltr,LTR,packets,coca cola cold drink
2074.0,AMU-DAI-MIL-9LTR,amul,milk,dairy,9 ltr,LTR,packets,amul milk
2077.0,NES-BEV-COF-4LTR,nescafe,coffee,beverages,4 ltr,LTR,jars,nescafe coffee
2078.0,HAL-SNA-CHI-4PCS,haldiram,chips,snacks,4 pcs,PCS,packets,haldiram chips
2079.0,MOT-DAI-CUR-9LTR,mother dairy,curd,dairy,9 ltr,LTR,packets,mother dairy curd
2081.0,TAT-GRA-RIC-7KG,tata,rice,grains,7 kg,KG,bags,tata rice
2083.0,HAR-HOU-TOI-10LTR,harpic,toilet cleaner,household,10 ltr,LTR,bottles,harpic toilet cleaner
2087.0,AAS-SPI-CHI-180GM,aashirvaad,chilli powder,spices,180 gm,GM,packets,aashirvaad chilli powder
2098.0,NES-DAI-MIL-3LTR,nestle,milk powder,dairy,3 ltr,LTR,packets,nestle milk powder
2102.0,COC-BEV-COL-8LTR,coca cola,cold drink,beverages,8 ltr,LTR,packets,coca cola cold drink
2103.0,AAS-GRA-WHE-650GM,aashirvaad,wheat flour,grains,650 gm,GM,packets,aashirvaad wheat flour
2111.0,AMU-DAI-MIL-400ML,amul,milk,dairy,400 ml,ML,packets,amul milk
2116.0,TAT-GRA-RIC-3KG,tata,rice,grains,3 kg,KG,bags,tata rice
2122.0,AAS-SPI-CHI-800GM,aashirvaad,chilli powder,spices,800 gm,GM,packets,aashirvaad chilli powder
2128.0,HAL-SNA-CHI-3PCS,haldiram,chips,snacks,3 pcs,PCS,packets,haldiram chips
2130.0,AAS-SPI-CHI-2000GM,aashirvaad,chilli powder,spices,2000 gm,GM,packets,aashirvaad chilli powder
2135.0,MOT-DAI-CUR-10LTR,mother dairy,curd,dairy,10 ltr,LTR,packets,mother dairy curd
2138.0,DET-PER-SOA-1PCS,dettol,soap,personal care,1 pcs,PCS,packets,dettol soap
2143.0,TAT-BEV-TEA-7LTR,tata,tea,beverages,7 ltr,LTR,packets,tata tea
2148.0,AAS-SPI-CHI-2KG,aashirvaad,chilli powder,spices,2 kg,KG,packets,aashirvaad chilli powder
2159.0,AAS-SPI-CHI-5KG,aashirvaad,chilli powder,spices,5 kg,KG,packets,aashirvaad chilli powder
2162.0,BRI-SNA-COO-1PCS,britannia,cookies,snacks,1 pcs,PCS,packets,britannia cookies
2173.0,TAT-GRA-RIC-1KG,tata,rice,grains,1 kg,KG,bags,tata rice
2183.0,AAS-GRA-WHE-120GM,aashirvaad,wheat flour,grains,120 gm,GM,packets,aashirvaad wheat flour
2184.0,AMU-DAI-BUT-1000ML,amul,butter,dairy,1000 ml,ML,packets,amul butter
2185.0,HAR-HOU-TOI-5LTR,harpic,toilet cleaner,household,5 ltr,LTR,bottles,harpic toilet cleaner
2192.0,COC-BEV-COL-5LTR,coca cola,cold drink,beverages,5 ltr,LTR,packets,coca cola cold drink
2194.0,AAS-SPI-CHI-420GM,aashirvaad,chilli powder,spices,420 gm,GM,packets,aashirvaad chilli powder
2203.0,NES-DAI-MIL-750ML,nestle,milk powder,dairy,750 ml,ML,packets,nestle milk powder
2210.0,AAS-SPI-CHI-450GM,aashirvaad,chilli powder,spices,450 gm,GM,packets,aashirvaad chilli powder
2212.0,TAT-BEV-TEA-1LTR,tata,tea,beverages,1 ltr,LTR,packets,tata tea
2213.0,HAL-SNA-CHI-1PCS,haldiram,chips,snacks,1 pcs,PCS,packets,haldiram chips
2215.0,AAS-SPI-CHI-480GM,aashirvaad,chilli powder,spices,480 gm,GM,packets,aashirvaad chilli powder
2216.0,AAS-SPI-CHI-520GM,aashirvaad,chilli powder,spices,520 gm,GM,packets,aashirvaad chilli powder
2226.0,TAT-BEV-TEA-1000ML,tata,tea,beverages,1000 ml,ML,packets,tata tea
2232.0,TAT-BEV-TEA-9LTR,tata,tea,beverages,9 ltr,LTR,packets,tata tea
2235.0,LIZ-HOU-FLO-3LTR,lizol,floor cleaner,household,3 ltr,LTR,bottles,lizol floor cleaner
2241.0,FOR-GRA-WHE-500GM,fortune,wheat flour,grains,500 gm,GM,packets,fortune wheat flour
2244.0,NES-DAI-MIL-500ML,nestle,milk powder,dairy,500 ml,ML,packets,nestle milk powder
2245.0,AMU-DAI-MIL-100ML,amul,milk,dairy,100 ml,ML,packets,amul milk
2248.0,AMU-DAI-BUT-6LTR,amul,butter,dairy,6 ltr,LTR,packets,amul butter
2253.0,NES-DAI-MIL-4LTR,nestle,milk powder,dairy,4 ltr,LTR,packets,nestle milk powder
2264.0,AMU-DAI-BUT-100ML,amul,butter,dairy,100 ml,ML,packets,amul butter
2268.0,AAS-GRA-WHE-50KG,aashirvaad,wheat flour,grains,50 kg,KG,packets,aashirvaad wheat flour
2282.0,NES-BEV-COF-250ML,nescafe,coffee,beverages,250 ml,ML,jars,nescafe coffee
2285.0,AAS-SPI-CHI-580GM,aashirvaad,chilli powder,spices,580 gm,GM,packets,aashirvaad chilli powder
2286.0,HAL-SNA-CHI-750GM,haldiram,chips,snacks,750 gm,GM,packets,haldiram chips
2299.0,SPR-BEV-COL-4LTR,sprite,cold drink,beverages,4 ltr,LTR,packets,sprite cold drink
2302.0,AAS-GRA-WHE-1KG,aashirvaad,wheat flour,grains,1 kg,KG,packets,aashirvaad wheat flour
2316.0,TAT-GRA-RIC-8KG,tata,rice,grains,8 kg,KG,bags,tata rice
2317.0,AAS-SPI-CHI-630GM,aashirvaad,chilli powder,spices,630 gm,GM,packets,aashirvaad chilli powder
2318.0,AMU-DAI-MIL-900ML,amul,milk,dairy,900 ml,ML,packets,amul milk
2323.0,MOT-DAI-CUR-1LTR,mother dairy,curd,dairy,1 ltr,LTR,packets,mother dairy curd
2325.0,AAS-GRA-WHE-9KG,aashirvaad,wheat flour,grains,9 kg,KG,packets,aashirvaad wheat flour
2331.0,NES-BEV-COF-8LTR,nescafe,coffee,beverages,8 ltr,LTR,jars,nescafe coffee
2335.0,MOT-DAI-CUR-5LTR,mother dairy,curd,dairy,5 ltr,LTR,packets,mother dairy curd
2339.0,AAS-SPI-CHI-650GM,aashirvaad,chilli powder,spices,650 gm,GM,packets,aashirvaad chilli powder
2354.0,AAS-SPI-CHI-50GM,aashirvaad,chilli powder,spices,50 gm,GM,packets,aashirvaad chilli powder
2356.0,AAS-GRA-WHE-4KG,aashirvaad,wheat flour,grains,4 kg,KG,packets,aashirvaad wheat flour
2360.0,AMU-DAI-BUT-8LTR,amul,butter,dairy,8 ltr,LTR,packets,amul butter
2362.0,IND-GRA-BAS-500GM,india gate,basmati rice,grains,500 gm,GM,bags,india gate basmati rice
2364.0,AMU-DAI-MIL-4LTR,amul,milk,dairy,4 ltr,LTR,packets,amul milk
2369.0,LIZ-HOU-FLO-6LTR,lizol,floor cleaner,household,6 ltr,LTR,bottles,lizol floor cleaner
2373.0,NES-BEV-COF-100ML,nescafe,coffee,beverages,100 ml,ML,jars,nescafe coffee
2379.0,IND-GRA-BAS-1KG,india gate,basmati rice,grains,1 kg,KG,bags,india gate basmati rice
2389.0,SPR-BEV-COL-9LTR,sprite,cold drink,beverages,9 ltr,LTR,packets,sprite cold drink
2391.0,NES-BEV-COF-6LTR,nescafe,coffee,beverages,6 ltr,LTR,jars,nescafe coffee
2392.0,AAS-SPI-CHI-720GM,aashirvaad,chilli powder,spices,720 gm,GM,packets,aashirvaad chilli powder
2394.0,TAT-BEV-TEA-500ML,tata,tea,beverages,500 ml,ML,packets,tata tea
2400.0,AAS-SPI-CHI-770GM,aashirvaad,chilli powder,spices,770 gm,GM,packets,aashirvaad chilli powder
2421.0,AAS-SPI-CHI-780GM,aashirvaad,chilli powder,spices,780 gm,GM,packets,aashirvaad chilli powder
2429.0,AMU-DAI-BUT-14LTR,amul,butter,dairy,14 ltr,LTR,packets,amul butter
2446.0,AAS-SPI-CHI-10GM,aashirvaad,chilli powder,spices,10 gm,GM,packets,aashirvaad chilli powder
2448.0,NES-DAI-MIL-100ML,nestle,milk powder,dairy,100 ml,ML,packets,nestle milk powder
2463.0,AAS-SPI-CHI-820GM,aashirvaad,chilli powder,spices,820 gm,GM,packets,aashirvaad chilli powder
2465.0,AAS-SPI-CHI-850GM,aashirvaad,chilli powder,spices,850 gm,GM,packets,aashirvaad chilli powder
2488.0,BRI-SNA-COO-5PCS,britannia,cookies,snacks,5 pcs,PCS,packets,britannia cookies
2493.0,HAL-SNA-CHI-1000GM,haldiram,chips,snacks,1000 gm,GM,packets,haldiram chips
2505.0,AAS-SPI-CHI-880GM,aashirvaad,chilli powder,spices,880 gm,GM,packets,aashirvaad chilli powder
2513.0,SPR-BEV-COL-100ML,sprite,cold drink,beverages,100 ml,ML,packets,sprite cold drink
2514.0,AMU-DAI-BUT-50ML,amul,butter,dairy,50 ml,ML,packets,amul butter
2540.0,AAS-GRA-WHE-6KG,aashirvaad,wheat flour,grains,6 kg,KG,packets,aashirvaad wheat flour
2541.0,TAT-GRA-RIC-9KG,tata,rice,grains,9 kg,KG,bags,tata rice
2552.0,TAT-BEV-TEA-250ML,tata,tea,beverages,250 ml,ML,packets,tata tea
2559.0,AMU-DAI-MIL-1500ML,amul,milk,dairy,1500 ml,ML,packets,amul milk
2565.0,TAT-BEV-TEA-5LTR,tata,tea,beverages,5 ltr,LTR,packets,tata tea
2568.0,AAS-GRA-WHE-16KG,aashirvaad,wheat flour,grains,16 kg,KG,packets,aashirvaad wheat flour
2572.0,AMU-DAI-BUT-12LTR,amul,butter,dairy,12 ltr,LTR,packets,amul butter
2573.0,HAR-HOU-TOI-6LTR,harpic,toilet cleaner,household,6 ltr,LTR,bottles,harpic toilet cleaner
2575.0,TAT-GRA-RIC-2KG,tata,rice,grains,2 kg,KG,bags,tata rice
2576.0,COC-BEV-COL-1LTR,coca cola,cold drink,beverages,1 ltr,LTR,packets,coca cola cold drink
2579.0,PAR-SNA-BIS-500GM,parle,biscuits,snacks,500 gm,GM,packs,parle biscuits
2593.0,AMU-DAI-BUT-4LTR,amul,butter,dairy,4 ltr,LTR,packets,amul butter
2599.0,HAR-HOU-TOI-2PCS,harpic,toilet cleaner,household,2 pcs,PCS,bottles,harpic toilet cleaner
2604.0,AAS-SPI-CHI-10KG,aashirvaad,chilli powder,spices,10 kg,KG,packets,aashirvaad chilli powder
2609.0,FOR-GRA-WHE-5KG,fortune,wheat flour,grains,5 kg,KG,packets,fortune wheat flour
2612.0,AAS-SPI-CHI-900GM,aashirvaad,chilli powder,spices,900 gm,GM,packets,aashirvaad chilli powder
2614.0,NES-BEV-COF-10LTR,nescafe,coffee,beverages,10 ltr,LTR,jars,nescafe coffee
2619.0,AAS-GRA-WHE-11KG,aashirvaad,wheat flour,grains,11 kg,KG,packets,aashirvaad wheat flour
2625.0,AAS-GRA-WHE-7KG,aashirvaad,wheat flour,grains,7 kg,KG,packets,aashirvaad wheat flour
2642.0,AMU-DAI-BUT-9LTR,amul,butter,dairy,9 ltr,LTR,packets,amul butter
2667.0,AMU-DAI-BUT-700ML,amul,butter,dairy,700 ml,ML,packets,amul butter
2675.0,AMU-DAI-BUT-70ML,amul,butter,dairy,70 ml,ML,packets,amul butter
2678.0,AAS-SPI-CHI-910GM,aashirvaad,chilli powder,spices,910 gm,GM,packets,aashirvaad chilli powder
2711.0,SUR-HOU-DET-2PCS,surf excel,detergent,household,2 pcs,PCS,packets,surf excel detergent
2716.0,COC-BEV-COL-6LTR,coca cola,cold drink,beverages,6 ltr,LTR,packets,coca cola cold drink
2773.0,AAS-SPI-CHI-930GM,aashirvaad,chilli powder,spices,930 gm,GM,packets,aashirvaad chilli powder
2781.0,FOR-GRA-WHE-9KG,fortune,wheat flour,grains,9 kg,KG,packets,fortune wheat flour
2788.0,AAS-GRA-WHE-400GM,aashirvaad,wheat flour,grains,400 gm,GM,packets,aashirvaad wheat flour
2790.0,AAS-SPI-CHI-990GM,aashirvaad,chilli powder,spices,990 gm,GM,packets,aashirvaad chilli powder
2816.0,AAS-SPI-CHI-760GM,aashirvaad,chilli powder,spices,760 gm,GM,packets,aashirvaad chilli powder
2827.0,AMU-DAI-MIL-200ML,amul,milk,dairy,200 ml,ML,packets,amul milk
2838.0,PAR-SNA-BIS-3PCS,parle,biscuits,snacks,3 pcs,PCS,packs,parle biscuits
2844.0,AAS-SPI-CHI-240GM,aashirvaad,chilli powder,spices,240 gm,GM,packets,aashirvaad chilli powder
2861.0,AMU-DAI-BUT-15LTR,amul,butter,dairy,15 ltr,LTR,packets,amul butter
2875.0,IND-GRA-BAS-10KG,india gate,basmati rice,grains,10 kg,KG,bags,india gate basmati rice
2884.0,SUR-HOU-DET-4PCS,surf excel,detergent,household,4 pcs,PCS,packets,surf excel detergent
2885.0,AMU-DAI-BUT-650ML,amul,butter,dairy,650 ml,ML,packets,amul butter
2894.0,AAS-SPI-CHI-280GM,aashirvaad,chilli powder,spices,280 gm,GM,packets,aashirvaad chilli powder
2899.0,AAS-GRA-WHE-25KG,aashirvaad,wheat flour,grains,25kg,KG,packets,aashirvaad wheat flour
2906.0,AMU-DAI-BUT-900ML,amul,butter,dairy,900 ml,ML,packets,amul butter
2927.0,AAS-SPI-CHI-340GM,aashirvaad,chilli powder,spices,340 gm,GM,packets,aashirvaad chilli powder
2928.0,AAS-SPI-CHI-490GM,aashirvaad,chilli powder,spices,490 gm,GM,packets,aashirvaad chilli powder
2931.0,AAS-GRA-WHE-300GM,aashirvaad,wheat flour,grains,300 gm,GM,packets,aashirvaad wheat flour
2933.0,COL-HOU-GLA-4LTR,colin,glass cleaner,household,4 ltr,LTR,bottles,colin glass cleaner
2935.0,TAT-BEV-TEA-6LTR,tata,tea,beverages,6 ltr,LTR,packets,tata tea
2946.0,FOR-GRA-WHE-100GM,fortune,wheat flour,grains,100 gm,GM,packets,fortune wheat flour
2980.0,LIZ-HOU-FLO-2LTR,lizol,floor cleaner,household,2 ltr,LTR,bottles,lizol floor cleaner
3048.0,MOT-DAI-CUR-4LTR,mother dairy,curd,dairy,4 ltr,LTR,packets,mother dairy curd
3078.0,SUR-HOU-DET-2LTR,surf excel,detergent,household,2 ltr,LTR,packets,surf excel detergent
3093.0,TAT-BEV-TEA-100ML,tata,tea,beverages,100 ml,ML,packets,tata tea
3186.0,TAT-BEV-TEA-3LTR,tata,tea,beverages,3 ltr,LTR,packets,tata tea
3243.0,AMU-DAI-MIL-5000ML,amul,milk,dairy,5000 ml,ML,packets,amul milk
3273.0,AMU-DAI-MIL-6000ML,amul,milk,dairy,6000 ml,ML,packets,amul milk
3289.0,COL-PER-TOO-15PCS,colgate,toothpaste,personal care,15 pcs,PCS,tubes,colgate toothpaste
3298.0,MOT-DAI-CUR-550ML,mother dairy,curd,dairy,550 ml,ML,packets,mother dairy curd
3345.0,AAS-STA-MUL-2KG,aashirvaad,multigrain atta,staples,2 kg,KG,packets,aashirvaad multigrain atta
3346.0,AAS-STA-MUL-10KG,aashirvaad,multigrain atta,staples,10 kg,KG,packets,aashirvaad multigrain atta
3347.0,AAS-STA-MUL-12KG,aashirvaad,multigrain atta,staples,12 kg,KG,packets,aashirvaad multigrain atta
3348.0,AAS-STA-MUL-25KG,aashirvaad,multigrain atta,staples,25 kg,KG,packets,aashirvaad multigrain atta
3349.0,AAS-STA-MUL-1KG,aashirvaad,multigrain atta,staples,1 kg,KG,packets,aashirvaad multigrain atta
3350.0,AAS-GRA-ATT-5KG,aashirvaad,atta (flour),grains,5 kg,KG,packets,aashirvaad atta (flour)
3351.0,AAS-GRA-ATT-3KG,aashirvaad,atta (flour),grains,3 kg,KG,packets,aashirvaad atta (flour)
3352.0,AAS-GRA-ATT-2KG,aashirvaad,atta (flour),grains,2 kg,KG,packets,aashirvaad atta (flour)
3353.0,AAS-GRA-ATT-15KG,aashirvaad,atta (flour),grains,15 kg,KG,packets,aashirvaad atta (flour)
3357.0,AMU-DAI-BUT-800ML,amul masti,buttermilk,dairy,800 ml,ML,packets,amul masti buttermilk
,AMU-DAI-MIL-3KG,amul (powder),milk powder,dairy,3 kg,KG,packets,amul (powder) milk powder
,AMU-DAI-MIL-5KG,amul (powder),milk powder,dairy,5 kg,KG,packets,amul (powder) milk powder
,AMU-DAI-MIL-10KG,amul (powder),milk powder,dairy,10 kg,KG,packets,amul (powder) milk powder
,AMU-DAI-MIL-8KG,amul (powder),milk powder,dairy,8 kg,KG,packets,amul (powder) milk powder
,CAD-SWE-DAI-500GM,cadbury,dairy milk,sweets,500 gm,GM,packets,cadbury dairy milk
,CAD-SWE-DAI-350GM,cadbury,dairy milk,sweets,350 gm,GM,packets,cadbury dairy milk
,CAD-SWE-DAI-400GM,cadbury,dairy milk,sweets,400 gm,GM,packets,cadbury dairy milk
,CAD-SWE-DAI-150GM,cadbury,dairy milk,sweets,150 gm,GM,packets,cadbury dairy milk
,CAD-BEV-HEA-2KG,cadbury bournvita,health drink,beverages,2 kg,KG,jars,cadbury bournvita health drink
,CAD-BEV-HEA-4KG,cadbury bournvita,health drink,beverages,4 kg,KG,jars,cadbury bournvita health drink
,CAD-BEV-HEA-7KG,cadbury bournvita,health drink,beverages,7 kg,KG,jars,cadbury bournvita health drink
,CAD-BEV-HEA-3KG,cadbury bournvita,health drink,beverages,3 kg,KG,jars,cadbury bournvita health drink
,DAI-DAI-CHO-180GM,dairy milk,chocolate,dairy,180 gm,GM,packs,dairy milk chocolate
,DAI-DAI-CHO-1PACKET,dairy milk,chocolate,dairy,1 Packet,PKT,packs,dairy milk chocolate
,DAI-DAI-CHO-5PACKET,dairy milk,chocolate,dairy,5 Packet,PKT,packs,dairy milk chocolate
,DAI-DAI-CHO-2PACKET,dairy milk,chocolate,dairy,2 Packet,PKT,packs,dairy milk chocolate
,DAI-DAI-CHO-250GM,dairy milk,chocolate,dairy,250 gm,GM,packs,dairy milk chocolate
,DAI-DAI-CHO-10PACKET,dairy milk,chocolate,dairy,10 Packet,PKT,packs,dairy milk chocolate
,DAI-DAI-CHO-6PACKET,dairy milk,chocolate,dairy,6 Packet,PKT,packs,dairy milk chocolate
,DAI-DAI-CHO-400GM,dairy milk,chocolate,dairy,400 gm,GM,packs,dairy milk chocolate
,DAI-DAI-CHO-80GM,dairy milk,chocolate,dairy,80 gm,GM,packs,dairy milk chocolate
,DAI-DAI-CHO-4PACKET,dairy milk,chocolate,dairy,4 Packet,PKT,packs,dairy milk chocolate
,DAI-DAI-CHO-150GM,dairy milk,chocolate,dairy,150 gm,GM,packs,dairy milk chocolate
,24-PUL-MOO-500GM,24,pulao moo,auto_added,500,GM,unit,24 pulao moo
,7UP-BEV-SOF-2LTR,7up,beverage soft drink,auto_added,2,LTR,unit,7up beverage soft drink
,7UP-BEV-SOF-600ML,7up,beverage soft drink,auto_added,600,ML,unit,7up beverage soft drink
,AAS-GEN-WHE-500GM,aashirvaad,gen wheat,auto_added,500,GM,unit,aashirvaad gen wheat
,AAS-GEN-WHE-5KG,aashirvaad,gen wheat,auto_added,5,KG,unit,aashirvaad gen wheat
,AMR-PHA-PAI-300GM,amrutanjan,pha pai,auto_added,300,GM,unit,amrutanjan pha pai
,AMU-DAI-BUT-200GM,amul (extra fat),dairy butter,auto_added,200,GM,unit,amul (extra fat) dairy butter
,AMU-DAI-BUT-80GM,amul (extra fat),dairy butter,auto_added,80,GM,unit,amul (extra fat) dairy butter
,AMU-DAI-CHE-200GM,amul (extra fat),dairy cheese,auto_added,200,GM,unit,amul (extra fat) dairy cheese
,AMU-DAI-CHE-400GM,amul (extra fat),dairy cheese,auto_added,400,GM,unit,amul (extra fat) dairy cheese
,AMU-DAI-CHE-450GM,amul (extra fat),dairy cheese,auto_added,450,GM,unit,amul (extra fat) dairy cheese
,AMU-DAI-FRE-1LTR,amul (extra fat),dairy fre,auto_added,1,LTR,unit,amul (extra fat) dairy fre
,AMU-DAI-FRE-250ML,amul (extra fat),dairy fre,auto_added,250,ML,unit,amul (extra fat) dairy fre
,AMU-DAI-FRE-500ML,amul (extra fat),dairy fre,auto_added,500,ML,unit,amul (extra fat) dairy fre
,AMU-DAI-GHE-1KG,amul (extra fat),dairy ghee,auto_added,1,KG,unit,amul (extra fat) dairy ghee
,AMU-DAI-PAN-1KG,amul (extra fat),dairy paneer,auto_added,1,KG,unit,amul (extra fat) dairy paneer
,AMU-DAI-PAN-200GM,amul (extra fat),dairy paneer,auto_added,200,GM,unit,amul (extra fat) dairy paneer
,AMU-MIL-MIL-1KG,amul (extra fat),milk milk,auto_added,1,KG,unit,amul (extra fat) milk milk
,APP-GEN-APP-600ML,appy fizz,gen app,auto_added,600,ML,unit,appy fizz gen app
,B&B-GEN-RAG-1KG,b&b,gen rag,auto_added,1,KG,unit,b&b gen rag
,BIN-SNA-MAD-20RS,bingo,snack mad,auto_added,20,RS,unit,bingo snack mad
,BIN-SNA-TAN-20RS,bingo,snack tan,auto_added,20,RS,unit,bingo snack tan
,BIN-SNA-TAN-40RS,bingo,snack tan,auto_added,40,RS,unit,bingo snack tan
,BIN-SNA-TED-70GM,bingo,snack ted,auto_added,70,GM,unit,bingo snack ted
,BRI-BAK-BRE-150GM,britannia,bak breakfast,auto_added,150,GM,unit,britannia bak breakfast
,BRI-BAK-CAK-150GM,britannia,bak cake,auto_added,150,GM,unit,britannia bak cake
,BRI-BAK-CAK-180GM,britannia,bak cake,auto_added,180,GM,unit,britannia bak cake
,BRI-BEV-INS-250GM,britannia,beverage instant,auto_added,250,GM,unit,britannia beverage instant
,BRI-BEV-INS-500GM,britannia,beverage instant,auto_added,500,GM,unit,britannia beverage instant
,BRI-BEV-INS-750GM,britannia,beverage instant,auto_added,750,GM,unit,britannia beverage instant
,BRI-BEV-INS-900GM,britannia,beverage instant,auto_added,900,GM,unit,britannia beverage instant
,BRI-BIS-BOU-150GM,britannia,biscuit bou,auto_added,150,GM,unit,britannia biscuit bou
,BRI-BIS-BRE-250GM,britannia,biscuit breakfast,auto_added,250,GM,unit,britannia biscuit breakfast
,BRI-BIS-GOO-100GM,britannia,biscuit good day,auto_added,100,GM,unit,britannia biscuit good day
,BRI-BIS-GOO-10RSPACK,britannia,biscuit good day,auto_added,10,RSPACK,unit,britannia biscuit good day
,BRI-BIS-GOO-20RSPACK,britannia,biscuit good day,auto_added,20,RSPACK,unit,britannia biscuit good day
,BRI-BIS-GOO-250GM,britannia,biscuit good day,auto_added,250,GM,unit,britannia biscuit good day
,BRI-BIS-MAR-120GM,britannia,biscuit marshmallow,auto_added,120,GM,unit,britannia biscuit marshmallow
,BRI-BIS-MAR-150GM,britannia,biscuit marshmallow,auto_added,150,GM,unit,britannia biscuit marshmallow
,BRI-BIS-NUT-250GM,britannia,biscuit nut,auto_added,250,GM,unit,britannia biscuit nut
,BRI-SNA-CAK-200GM,britannia,snack cake,auto_added,200,GM,unit,britannia snack cake
,BRI-SNA-GOO-200GM,britannia,snack good day,auto_added,200,GM,unit,britannia snack good day
,BRI-SNA-MIL-200GM,britannia,snack milk,auto_added,200,GM,unit,britannia snack milk
,BRI-SNA-RUS-200GM,britannia,snack rusk,auto_added,200,GM,unit,britannia snack rusk
,CAD-GEN-BOU-1KG,cadbury bournvita,gen bou,auto_added,1,KG,unit,cadbury bournvita gen bou
,CAD-SWE-DAI-110GM,cadbury bournvita,swe dairy,auto_added,110,GM,unit,cadbury bournvita swe dairy
,CAD-SWE-DAI-120GM,cadbury bournvita,swe dairy,auto_added,120,GM,unit,cadbury bournvita swe dairy
,CAD-SWE-DAI-140GM,cadbury bournvita,swe dairy,auto_added,140,GM,unit,cadbury bournvita swe dairy
,CAD-SWE-DAI-200GM,cadbury bournvita,swe dairy,auto_added,200,GM,unit,cadbury bournvita swe dairy
,CAD-SWE-DAI-20RS,cadbury bournvita,swe dairy,auto_added,20,RS,unit,cadbury bournvita swe dairy
,CAD-SWE-DAI-40GM,cadbury bournvita,swe dairy,auto_added,40,GM,unit,cadbury bournvita swe dairy
,CAD-SWE-DAI-45GM,cadbury bournvita,swe dairy,auto_added,45,GM,unit,cadbury bournvita swe dairy
,CAT-SPI-BLA-100GM,catch,spice bla,auto_added,100,GM,unit,catch spice bla
,CAT-SPI-BLA-200GM,catch,spice bla,auto_added,200,GM,unit,catch spice bla
,CAT-SPI-COR-750GM,catch,spice corn,auto_added,750,GM,unit,catch spice corn
,CAT-SPI-DHA-250GM,catch,spice dha,auto_added,250,GM,unit,catch spice dha
,CAT-SPI-DHA-400GM,catch,spice dha,auto_added,400,GM,unit,catch spice dha
,CAT-SPI-DHA-500GM,catch,spice dha,auto_added,500,GM,unit,catch spice dha
,CAT-SPI-TUR-100GM,catch,spice turmeric,auto_added,100,GM,unit,catch spice turmeric
,CHI-GEN-SOY-200GM,ching's secret,gen soy,auto_added,200,GM,unit,ching's secret gen soy
,CLI-GEN-SHA-175ML,clinic plus,gen shampoo,auto_added,175,ML,unit,clinic plus gen shampoo
,COC-BEV-COK-500ML,coca-cola,beverage cok,auto_added,500,ML,unit,coca-cola beverage cok
,COC-BEV-DIE-300ML,coca-cola,beverage die,auto_added,300,ML,unit,coca-cola beverage die
,COC-BEV-SOF-300ML,coca-cola,beverage soft drink,auto_added,300,ML,unit,coca-cola beverage soft drink
,COC-BEV-SOF-500ML,coca-cola,beverage soft drink,auto_added,500,ML,unit,coca-cola beverage soft drink
,COC-BEV-SOF-5LTR,coca-cola,beverage soft drink,auto_added,5,LTR,unit,coca-cola beverage soft drink
,COC-BEV-SOF-750ML,coca-cola,beverage soft drink,auto_added,750,ML,unit,coca-cola beverage soft drink
,COL-PER-TOO-400ML,colgate,perfume toothpaste,auto_added,400,ML,unit,colgate perfume toothpaste
,DAA-GRA-BAS-1KG,daawat,granola basmati,auto_added,1,KG,unit,daawat granola basmati
,DAA-GRA-BAS-5KG,daawat,granola basmati,auto_added,5,KG,unit,daawat granola basmati
,DAA-GRA-BRO-5KG,daawat,granola brownie,auto_added,5,KG,unit,daawat granola brownie
,DAA-GRA-KOL-10KG,daawat,granola kol,auto_added,10,KG,unit,daawat granola kol
,DAA-GRA-SON-10KG,daawat,granola son,auto_added,10,KG,unit,daawat granola son
,DAB-BEV-AML-250ML,dabur honey,beverage aml,auto_added,250,ML,unit,dabur honey beverage aml
,DAB-BEV-AML-500ML,dabur honey,beverage aml,auto_added,500,ML,unit,dabur honey beverage aml
,DAB-JUI-AML-2LTR,dabur honey,juice aml,auto_added,2,LTR,unit,dabur honey juice aml
,DAI-CHO-CHO-100GM,dairy milk,choco choco,auto_added,100,GM,unit,dairy milk choco choco
,DAL-DAI-GHE-1KG,dalda,dairy ghee,auto_added,1,KG,unit,dalda dairy ghee
,DAL-DAI-GHE-5KG,dalda,dairy ghee,auto_added,5,KG,unit,dalda dairy ghee
,DET-LIQ-MUL-2LTR,dettol,liquid mul,auto_added,2,LTR,unit,dettol liquid mul
,DET-LIQ-SUR-1LTR,dettol,liquid sur,auto_added,1,LTR,unit,dettol liquid sur
,DET-PHA-LIQ-1LTR,dettol,pha liquid,auto_added,1,LTR,unit,dettol pha liquid
,DOV-GEN-BOD-200ML,dove,gen bod,auto_added,200,ML,unit,dove gen bod
,DOV-GEN-SHA-180ML,dove,gen shampoo,auto_added,180,ML,unit,dove gen shampoo
,DOV-SOA-BEA-100GM,dove,soya bea,auto_added,100,GM,unit,dove soya bea
,DOV-SOA-BEA-75GM,dove,soya bea,auto_added,75,GM,unit,dove soya bea
,EMA-GRO-MUS-500ML,ema,grocery muesli,auto_added,500,ML,unit,ema grocery muesli
,EVE-SPI-CHA-100GM,everest,spice chaas,auto_added,100,GM,unit,everest spice chaas
,EVE-SPI-CHH-100GM,everest,spice chh,auto_added,100,GM,unit,everest spice chh
,EVE-SPI-CHH-750GM,everest,spice chh,auto_added,750,GM,unit,everest spice chh
,EVE-SPI-COR-200GM,everest,spice corn,auto_added,200,GM,unit,everest spice corn
,EVE-SPI-FIS-100GM,everest,spice fish,auto_added,100,GM,unit,everest spice fish
,EVE-SPI-MEA-100GM,everest,spice meat,auto_added,100,GM,unit,everest spice meat
,EVE-SPI-PAV-100GM,everest,spice pav,auto_added,100,GM,unit,everest spice pav
,EVE-SPI-PAV-200GM,everest,spice pav,auto_added,200,GM,unit,everest spice pav
,EVE-SPI-RED-250GM,everest,spice red,auto_added,250,GM,unit,everest spice red
,EVE-SPI-RED-500GM,everest,spice red,auto_added,500,GM,unit,everest spice red
,EVE-SPI-TUR-1KG,everest,spice turmeric,auto_added,1,KG,unit,everest spice turmeric
,FEV-DIY-ADH-200GM,fevicol,diy adh,auto_added,200,GM,unit,fevicol diy adh
,FOR-OIL-BES-1KG,fortune gold,oil bes,auto_added,1,KG,unit,fortune gold oil bes
,FOR-OIL-OIL-1LTR,fortune gold,oil oil,auto_added,1,LTR,unit,fortune gold oil oil
,FOR-OIL-RIC-500ML,fortune gold,oil rice,auto_added,500,ML,unit,fortune gold oil rice
,FOR-OIL-SOY-500ML,fortune gold,oil soy,auto_added,500,ML,unit,fortune gold oil soy
,FRO-GEN-MAN-1LTR,frooti,gen manchurian,auto_added,1,LTR,unit,frooti gen manchurian
,FRO-GEN-MAN-600ML,frooti,gen manchurian,auto_added,600,ML,unit,frooti gen manchurian
,FUN-GEN-PIZ-325GM,funfoods,gen piz,auto_added,325,GM,unit,funfoods gen piz
,FUN-GEN-PIZ-400GM,funfoods,gen piz,auto_added,400,GM,unit,funfoods gen piz
,GTS-GRA-RIC-2KG,gts bullet (old),granola rice,auto_added,2,KG,unit,gts bullet (old) granola rice
,GTS-GRA-RIC-5KG,gts bullet (old),granola rice,auto_added,5,KG,unit,gts bullet (old) granola rice
,HAL-SNA-ALO-1KG,haldiram’s,snack alo,auto_added,1,KG,unit,haldiram’s snack alo
,HAL-SNA-ALO-200GM,haldiram’s,snack alo,auto_added,200,GM,unit,haldiram’s snack alo
,HAL-SNA-ALO-400GM,haldiram’s,snack alo,auto_added,400,GM,unit,haldiram’s snack alo
,HAR-HOU-BAT-500ML,harvest,hou bat,auto_added,500,ML,unit,harvest hou bat
,HAR-HOU-DIS-1LTR,harvest,hou dis,auto_added,1,LTR,unit,harvest hou dis
,HAR-HOU-TOI-750ML,harvest,hou toilet cleaner,auto_added,750,ML,unit,harvest hou toilet cleaner
,HER-SWE-CHO-250GM,hershey's,swe choco,auto_added,250,GM,unit,hershey's swe choco
,HER-SWE-CHO-400GM,hershey's,swe choco,auto_added,400,GM,unit,hershey's swe choco
,HIM-GEN-FAC-150ML,himalaya greens,gen face wash,auto_added,150,ML,unit,himalaya greens gen face wash
,HIM-GEN-HER-200ML,himalaya greens,gen her,auto_added,200,ML,unit,himalaya greens gen her
,HIM-PER-FAC-500ML,himalaya greens,perfume face wash,auto_added,500,ML,unit,himalaya greens perfume face wash
,IND-GRA-BAS-6KG,indian harvest,granola basmati,auto_added,6,KG,unit,indian harvest granola basmati
,IND-GRA-BAS-8KG,indian harvest,granola basmati,auto_added,8,KG,unit,indian harvest granola basmati
,KEL-BRE-COR-100GM,kellogg’s,breakfast corn,auto_added,100,GM,unit,kellogg’s breakfast corn
,KIS-CON-MIX-200GM,kisan plus,conditioner mixture,auto_added,200,GM,unit,kisan plus conditioner mixture
,KIS-SAU-MIX-500GM,kisan plus,sauce mixture,auto_added,500,GM,unit,kisan plus sauce mixture
,KIS-SAU-MIX-750GM,kisan plus,sauce mixture,auto_added,750,GM,unit,kisan plus sauce mixture
,KIS-SAU-TOM-500GM,kisan plus,sauce tom,auto_added,500,GM,unit,kisan plus sauce tom
,KOH-STA-KOL-5KG,kohinoor,staple kol,auto_added,5,KG,unit,kohinoor staple kol
,KUR-SNA-GRE-90GM,kurkure,snack gre,auto_added,90,GM,unit,kurkure snack gre
,KUR-SNA-MAS-75GM,kurkure,snack masala,auto_added,75,GM,unit,kurkure snack masala
,KUR-SNA-SOL-100GM,kurkure,snack sol,auto_added,100,GM,unit,kurkure snack sol
,KUR-SNA-SOL-60GM,kurkure,snack sol,auto_added,60,GM,unit,kurkure snack sol
,KUR-SNA-SOL-90GM,kurkure,snack sol,auto_added,90,GM,unit,kurkure snack sol
,LAL-GEN-BAS-1KG,lal,gen basmati,auto_added,1,KG,unit,lal gen basmati
,LAY-GEN-CHI-120GM,lay’s,gen chicken,auto_added,120,GM,unit,lay’s gen chicken
,LAY-GEN-CHI-130GM,lay’s,gen chicken,auto_added,130,GM,unit,lay’s gen chicken
,LAY-GEN-CHI-150GM,lay’s,gen chicken,auto_added,150,GM,unit,lay’s gen chicken
,LAY-GEN-CHI-50GM,lay’s,gen chicken,auto_added,50,GM,unit,lay’s gen chicken
,LAY-GEN-CHI-80GM,lay’s,gen chicken,auto_added,80,GM,unit,lay’s gen chicken
,LAY-GEN-CRE-100GM,lay’s,gen cream,auto_added,100,GM,unit,lay’s gen cream
,LAY-SNA-CHI-150GM,lay’s,snack chicken,auto_added,150,GM,unit,lay’s snack chicken
,LAY-SNA-CHI-20RSPACK,lay’s,snack chicken,auto_added,20,RSPACK,unit,lay’s snack chicken
,LAY-SNA-CHI-50GM,lay’s,snack chicken,auto_added,50,GM,unit,lay’s snack chicken
,LIP-BEV-GRE-10TB,lipton,beverage gre,auto_added,10,TB,unit,lipton beverage gre
,LIP-BEV-GRE-250GM,lipton,beverage gre,auto_added,250,GM,unit,lipton beverage gre
,LIP-BEV-GRE-25TB,lipton,beverage gre,auto_added,25,TB,unit,lipton beverage gre
,LIP-BEV-GRE-40TB,lipton,beverage gre,auto_added,40,TB,unit,lipton beverage gre
,LUX-PER-BEA-100GM,lux,perfume bea,auto_added,100,GM,unit,lux perfume bea
,MAG-CON-TOM-500GM,maggie,conditioner tom,auto_added,500,GM,unit,maggie conditioner tom
,MAG-CON-TOM-750GM,maggie,conditioner tom,auto_added,750,GM,unit,maggie conditioner tom
,MAG-GEN-TOM-2KG,maggie,gen tom,auto_added,2,KG,unit,maggie gen tom
,MCC-FRO-CHE-750GM,mccain,frozen cheese,auto_added,750,GM,unit,mccain frozen cheese
,MDH-SPI-CHI-100GM,mdh,spice chicken,auto_added,100,GM,unit,mdh spice chicken
,MDH-SPI-DEG-500GM,mdh,spice deg,auto_added,500,GM,unit,mdh spice deg
,MDH-SPI-HAL-200GM,mdh,spice hal,auto_added,200,GM,unit,mdh spice hal
,MDH-SPI-PAN-100GM,mdh,spice paneer,auto_added,100,GM,unit,mdh spice paneer
,MDH-SPI-RAJ-100GM,mdh,spice raj,auto_added,100,GM,unit,mdh spice raj
,MDH-SPI-SAM-100GM,mdh,spice sambar,auto_added,100,GM,unit,mdh spice sambar
,MDH-SPI-SHA-100GM,mdh,spice shampoo,auto_added,100,GM,unit,mdh spice shampoo
,MDH-SPI-TUR-200GM,mdh,spice turmeric,auto_added,200,GM,unit,mdh spice turmeric
,MON-BEV-ENE-350ML,monin,beverage energy drink,auto_added,350,ML,unit,monin beverage energy drink
,MOT-DAI-CUR-400GM,mother's recipe,dairy curd,auto_added,400,GM,unit,mother's recipe dairy curd
,MOT-GEN-GIN-100GM,mother's recipe,gen gin,auto_added,100,GM,unit,mother's recipe gen gin
,MOT-GEN-GIN-250GM,mother's recipe,gen gin,auto_added,250,GM,unit,mother's recipe gen gin
,MOT-GEN-GIN-300GM,mother's recipe,gen gin,auto_added,300,GM,unit,mother's recipe gen gin
,MOT-GEN-GIN-500GM,mother's recipe,gen gin,auto_added,500,GM,unit,mother's recipe gen gin
,MOT-GEN-GIN-750GM,mother's recipe,gen gin,auto_added,750,GM,unit,mother's recipe gen gin
,MOT-GEN-LAS-250ML,mother's recipe,gen lassi,auto_added,250,ML,unit,mother's recipe gen lassi
,MOT-GEN-LAS-500ML,mother's recipe,gen lassi,auto_added,500,ML,unit,mother's recipe gen lassi
,MOU-BEV-DRI-750ML,mountain dew,beverage dri,auto_added,750,ML,unit,mountain dew beverage dri
,NES-BEV-CLA-100GM,nescafé classic,beverage cla,auto_added,100,GM,unit,nescafé classic beverage cla
,NES-BEV-COF-100GM,nescafé classic,beverage coffee,auto_added,100,GM,unit,nescafé classic beverage coffee
,NES-BEV-NES-200GM,nescafé classic,beverage nes,auto_added,200,GM,unit,nescafé classic beverage nes
,NES-DAI-KIT-25RSPACK,nescafé classic,dairy kitkat,auto_added,25,RSPACK,unit,nescafé classic dairy kitkat
,NES-DAI-KIT-50GM,nescafé classic,dairy kitkat,auto_added,50,GM,unit,nescafé classic dairy kitkat
,NES-DAI-KIT-52GM,nescafé classic,dairy kitkat,auto_added,52,GM,unit,nescafé classic dairy kitkat
,NES-DAI-MIL-400GM,nescafé classic,dairy milk,auto_added,400,GM,unit,nescafé classic dairy milk
,NES-GEN-KIT-50GM,nescafé classic,gen kitkat,auto_added,50,GM,unit,nescafé classic gen kitkat
,NES-GEN-MAG-150GM,nescafé classic,gen mag,auto_added,150,GM,unit,nescafé classic gen mag
,NES-GEN-MAG-70GM,nescafé classic,gen mag,auto_added,70,GM,unit,nescafé classic gen mag
,NES-GEN-MAG-750GM,nescafé classic,gen mag,auto_added,750,GM,unit,nescafé classic gen mag
,NES-GEN-MAG-80GM,nescafé classic,gen mag,auto_added,80,GM,unit,nescafé classic gen mag
,NES-GEN-YOG-100GM,nescafé classic,gen yogurt,auto_added,100,GM,unit,nescafé classic gen yogurt
,NES-SNA-MAG-70GM,nescafé classic,snack mag,auto_added,70,GM,unit,nescafé classic snack mag
,NES-SPI-MAG-280GM,nescafé classic,spice mag,auto_added,280,GM,unit,nescafé classic spice mag
,NES-SPI-MAG-70GM,nescafé classic,spice mag,auto_added,70,GM,unit,nescafé classic spice mag
,NIV-PER-BOD-250ML,nivea men,perfume bod,auto_added,250,ML,unit,nivea men perfume bod
,NUT-SWE-COC-950GM,nutralite,swe coc,auto_added,950,GM,unit,nutralite swe coc
,PAR-BAK-BIS-10RSPACK,park avenue,bak biscuit,auto_added,10,RSPACK,unit,park avenue bak biscuit
,PAR-BIS-KRA-75GM,park avenue,biscuit kra,auto_added,75,GM,unit,park avenue biscuit kra
,PAR-PER-COC-200ML,park avenue,perfume coc,auto_added,200,ML,unit,park avenue perfume coc
,PAR-PER-COC-250ML,park avenue,perfume coc,auto_added,250,ML,unit,park avenue perfume coc
,PAR-PER-HAI-200ML,park avenue,perfume hair,auto_added,200,ML,unit,park avenue perfume hair
,PAR-PER-HAI-500ML,park avenue,perfume hair,auto_added,500,ML,unit,park avenue perfume hair
,PAR-SNA-BIS-300GM,park avenue,snack biscuit,auto_added,300,GM,unit,park avenue snack biscuit
,PAR-SNA-KRA-75GM,park avenue,snack kra,auto_added,75,GM,unit,park avenue snack kra
,PAR-SNA-MON-10RSPACK,park avenue,snack mon,auto_added,10,RSPACK,unit,park avenue snack mon
,PAT-DAI-MUS-2LTR,patanjali nature,dairy muesli,auto_added,2,LTR,unit,patanjali nature dairy muesli
,PEP-BEV-SOF-500ML,pepsi,beverage soft drink,auto_added,500,ML,unit,pepsi beverage soft drink
,PEP-GEN-BLA-500ML,pepsi,gen bla,auto_added,500,ML,unit,pepsi gen bla
,PEP-GEN-PEP-250ML,pepsi,gen pepper,auto_added,250,ML,unit,pepsi gen pepper
,PEP-GEN-PEP-500ML,pepsi,gen pepper,auto_added,500,ML,unit,pepsi gen pepper
,PEP-GEN-SOF-250ML,pepsi,gen soft drink,auto_added,250,ML,unit,pepsi gen soft drink
,PEP-GEN-SOF-2LTR,pepsi,gen soft drink,auto_added,2,LTR,unit,pepsi gen soft drink
,PEP-GEN-SOF-500ML,pepsi,gen soft drink,auto_added,500,ML,unit,pepsi gen soft drink
,PEP-GEN-SOF-750ML,pepsi,gen soft drink,auto_added,750,ML,unit,pepsi gen soft drink
,PIL-GRA-ATT-10KG,pillsbury dough,granola atta,auto_added,10,KG,unit,pillsbury dough granola atta
,PIL-GRA-ATT-1KG,pillsbury dough,granola atta,auto_added,1,KG,unit,pillsbury dough granola atta
,PIL-GRA-ATT-2KG,pillsbury dough,granola atta,auto_added,2,KG,unit,pillsbury dough granola atta
,PIL-GRA-ATT-500GM,pillsbury dough,granola atta,auto_added,500,GM,unit,pillsbury dough granola atta
,PIL-GRA-ATT-5KG,pillsbury dough,granola atta,auto_added,5,KG,unit,pillsbury dough granola atta
,PIL-GRA-CHA-2KG,pillsbury dough,granola chaas,auto_added,2,KG,unit,pillsbury dough granola chaas
,PRI-GRO-MAN-300GM,pringles,grocery manchurian,auto_added,300,GM,unit,pringles grocery manchurian
,REA-BEV-APP-1LTR,real thai,beverage app,auto_added,1,LTR,unit,real thai beverage app
,REA-BEV-APP-200ML,real thai,beverage app,auto_added,200,ML,unit,real thai beverage app
,REA-BEV-GUA-200ML,real thai,beverage gua,auto_added,200,ML,unit,real thai beverage gua
,REA-BEV-MAN-200ML,real thai,beverage manchurian,auto_added,200,ML,unit,real thai beverage manchurian
,REA-BEV-ORA-200ML,real thai,beverage ora,auto_added,200,ML,unit,real thai beverage ora
,REA-BEV-PIN-1LTR,real thai,beverage pin,auto_added,1,LTR,unit,real thai beverage pin
,RED-BEV-ENE-250ML,red label,beverage energy drink,auto_added,250,ML,unit,red label beverage energy drink
,RED-BEV-RED-250ML,red label,beverage red,auto_added,250,ML,unit,red label beverage red
,SAF-OIL-GOL-1LTR,saffola,oil gol,auto_added,1,LTR,unit,saffola oil gol
,SNI-SNA-CHO-50GM,sni,snack choco,auto_added,50,GM,unit,sni snack choco
,SPR-BEV-SOF-1LTR,sprite,beverage soft drink,auto_added,1,LTR,unit,sprite beverage soft drink
,SPR-BEV-SOF-750ML,sprite,beverage soft drink,auto_added,750,ML,unit,sprite beverage soft drink
,SUH-SPI-BIR-100GM,suhana,spice biryani,auto_added,100,GM,unit,suhana spice biryani
,SUH-SPI-BIR-750GM,suhana,spice biryani,auto_added,750,GM,unit,suhana spice biryani
,SUH-SPI-CHH-200GM,suhana,spice chh,auto_added,200,GM,unit,suhana spice chh
,SUH-SPI-MEA-250GM,suhana,spice meat,auto_added,250,GM,unit,suhana spice meat
,SUH-SPI-MEA-500GM,suhana,spice meat,auto_added,500,GM,unit,suhana spice meat
,SUH-SPI-PAN-100GM,suhana,spice paneer,auto_added,100,GM,unit,suhana spice paneer
,SUR-CLE-DET-2KG,surf excel,cle detergent,auto_added,2,KG,unit,surf excel cle detergent
,TAT-BEV-TEA-2KG,tata sampann,beverage tea,auto_added,2,KG,unit,tata sampann beverage tea
,TAT-GRA-TOO-1KG,tata sampann,granola toothpaste,auto_added,1,KG,unit,tata sampann granola toothpaste
,TAT-GRA-URA-1KG,tata sampann,granola ura,auto_added,1,KG,unit,tata sampann granola ura
,TAT-PUL-CHA-1KG,tata sampann,pulao chaas,auto_added,1,KG,unit,tata sampann pulao chaas
,TAT-PUL-MAS-1KG,tata sampann,pulao masala,auto_added,1,KG,unit,tata sampann pulao masala
,TAT-PUL-MAS-500GM,tata sampann,pulao masala,auto_added,500,GM,unit,tata sampann pulao masala
,TAT-PUL-TOO-1KG,tata sampann,pulao toothpaste,auto_added,1,KG,unit,tata sampann pulao toothpaste
,TAT-SPI-CHI-200GM,tata sampann,spice chicken,auto_added,200,GM,unit,tata sampann spice chicken
,TAT-SPI-IOD-1KG,tata sampann,spice iod,auto_added,1,KG,unit,tata sampann spice iod
,TAT-SPI-ROC-1KG,tata sampann,spice roc,auto_added,1,KG,unit,tata sampann spice roc
,TAT-SPI-SAL-2KG,tata sampann,spice salt,auto_added,2,KG,unit,tata sampann spice salt
,THU-BEV-SOF-1LTR,thu,beverage soft drink,auto_added,1,LTR,unit,thu beverage soft drink
,TRO-BEV-GRA-1LTR,tropicana,beverage granola,auto_added,1,LTR,unit,tropicana beverage granola
,TRO-BEV-GRA-250ML,tropicana,beverage granola,auto_added,250,ML,unit,tropicana beverage granola
,TRO-BEV-GRA-500ML,tropicana,beverage granola,auto_added,500,ML,unit,tropicana beverage granola
,TRO-BEV-GRA-5LTR,tropicana,beverage granola,auto_added,5,LTR,unit,tropicana beverage granola
,TRO-BEV-GUA-1LTR,tropicana,beverage gua,auto_added,1,LTR,unit,tropicana beverage gua
,TRO-BEV-MAN-1LTR,tropicana,beverage manchurian,auto_added,1,LTR,unit,tropicana beverage manchurian
,TRO-BEV-MIX-10LTR,tropicana,beverage mixture,auto_added,10,LTR,unit,tropicana beverage mixture
,TRO-BEV-MIX-200ML,tropicana,beverage mixture,auto_added,200,ML,unit,tropicana beverage mixture
,TRO-BEV-MIX-5LTR,tropicana,beverage mixture,auto_added,5,LTR,unit,tropicana beverage mixture
,TRO-BEV-ORA-500ML,tropicana,beverage ora,auto_added,500,ML,unit,tropicana beverage ora
,TRO-BEV-WAT-1LTR,tropicana,beverage water,auto_added,1,LTR,unit,tropicana beverage water
,TRO-JUI-LIT-1LTR,tropicana,juice lit,auto_added,1,LTR,unit,tropicana juice lit
,UNI-SNA-COO-150GM,uni,snack cookie,auto_added,150,GM,unit,uni snack cookie
,UNI-SNA-COO-400GM,uni,snack cookie,auto_added,400,GM,unit,uni snack cookie
,UNI-SNA-COO-500GM,uni,snack cookie,auto_added,500,GM,unit,uni snack cookie
,VIM-CLE-DIS-1LTR,vimal,cle dis,auto_added,1,LTR,unit,vimal cle dis
,VIM-CLE-DIS-750ML,vimal,cle dis,auto_added,750,ML,unit,vimal cle dis
